prediction,id
0.23134606,0
0.009006475,1
0.010415949,2
0.065213434,3
0.013956846,4
0.19002654,5
0.008171794,6
0.014725853,7
0.03587435,8
0.008943921,9
0.5765287,10
0.6997637,11
0.022709437,12
0.011790103,13
0.002080249,14
0.001438958,15
0.11879874,16
0.0788734,17
0.020698387,18
0.010289559,19
0.0010933861,20
0.0142399045,21
0.016750498,22
0.13818203,23
0.010382296,24
0.041614357,25
0.010213233,26
0.8971972,27
0.063362055,28
0.92765266,29
0.009576521,30
0.6578137,31
0.75956887,32
0.018534608,33
0.027278101,34
0.014887981,35
0.0052772597,36
0.11666054,37
0.06025019,38
0.002290029,39
0.7937631,40
0.0012210982,41
0.6040909,42
0.16966751,43
0.008698502,44
0.007779874,45
0.16981587,46
0.007116417,47
0.11916681,48
0.01033117,49
0.0091291135,50
0.1771218,51
0.07007209,52
0.008620314,53
0.0091291135,54
0.23588303,55
0.08949143,56
0.2559941,57
0.25587687,58
0.14427434,59
0.009789967,60
0.0012510754,61
0.10198748,62
0.013431129,63
0.0044030803,64
0.0074734185,65
0.12759022,66
0.0091291135,67
0.010889018,68
0.010065331,69
0.00719912,70
0.034210876,71
0.0023031007,72
0.03371532,73
0.33460644,74
0.11844568,75
0.39545485,76
0.012658393,77
0.18014804,78
0.0075263577,79
0.20886487,80
0.011096669,81
0.060229037,82
0.302428,83
0.0073608523,84
0.6022584,85
0.009332681,86
0.009537748,87
0.5738917,88
0.0091291135,89
0.090745084,90
0.11931273,91
0.06824367,92
0.0014418687,93
0.09870539,94
0.043317232,95
0.20124745,96
0.6499112,97
0.010783083,98
0.11190551,99
0.8926052,100
0.11248076,101
0.086913384,102
0.012887996,103
0.010206067,104
0.0010428762,105
0.41057146,106
0.22383015,107
0.90781814,108
0.7706191,109
0.006621581,110
0.12550847,111
0.66176957,112
0.7345556,113
0.089978784,114
0.04995848,115
0.23932426,116
0.5743542,117
0.6774556,118
0.042925306,119
0.14568193,120
0.10207149,121
0.33692127,122
0.008045352,123
0.002390314,124
0.008528922,125
0.49479023,126
0.0048387027,127
0.35204196,128
0.008801957,129
0.0813466,130
0.010368607,131
0.043544203,132
0.011300955,133
0.48071718,134
0.11545267,135
0.7761255,136
0.009310514,137
0.30399176,138
0.010415949,139
0.18689683,140
0.011316719,141
0.046827342,142
0.59088546,143
0.0011179694,144
0.22862752,145
0.0104358345,146
0.017944533,147
0.86441946,148
0.08414085,149
0.009439045,150
0.020617865,151
0.028758138,152
0.7454639,153
0.96035933,154
0.29160973,155
0.39848137,156
0.13977315,157
0.04283284,158
0.009310514,159
0.007888405,160
0.010439893,161
0.051175237,162
0.9766218,163
0.017309923,164
0.14544679,165
0.007909173,166
0.0010933861,167
0.008392016,168
0.029129889,169
0.0346167,170
0.09887467,171
0.22556536,172
0.9256404,173
0.0012510754,174
0.6103145,175
0.0017742672,176
0.075267985,177
0.011467845,178
0.8235123,179
0.0068738353,180
0.0022180448,181
0.12330983,182
0.010352678,183
0.009780763,184
0.010783083,185
0.008528922,186
0.7345082,187
0.27269536,188
0.15622407,189
0.11938757,190
0.13123752,191
0.006492227,192
0.6595425,193
0.0069150804,194
0.012828707,195
0.007950068,196
0.017787645,197
0.83948404,198
0.012284367,199
0.008648359,200
0.019582933,201
0.02004363,202
0.2401819,203
0.18613555,204
0.29996237,205
0.0091291135,206
0.49662524,207
0.026225826,208
0.7145455,209
0.008838127,210
0.19297276,211
0.530136,212
0.6592373,213
0.0048291166,214
0.15091884,215
0.0012485493,216
0.15825702,217
0.0062714,218
0.0011464369,219
0.00646074,220
0.0012884898,221
0.24113682,222
0.6826577,223
0.7972526,224
0.0071266335,225
0.001935076,226
0.0114096925,227
0.16196491,228
0.7713987,229
0.008163164,230
0.010852067,231
0.005851741,232
0.009430466,233
0.21649511,234
0.36519274,235
0.038292576,236
0.009814885,237
0.23020495,238
0.017744757,239
0.008007042,240
0.05564746,241
0.07672828,242
0.00646074,243
0.0048291166,244
0.001311656,245
0.023634875,246
0.008698502,247
0.0012019565,248
0.008838127,249
0.12550847,250
0.0075263577,251
0.009669737,252
0.17375188,253
0.1529549,254
0.7558523,255
0.008698502,256
0.102937385,257
0.2751534,258
0.27205458,259
0.072749384,260
0.07490274,261
0.58136964,262
0.116713196,263
0.02216245,264
0.06806215,265
0.6022055,266
0.43076825,267
0.046311665,268
0.12160066,269
0.00719912,270
0.23871687,271
0.38675588,272
0.009576521,273
0.01033117,274
0.017175896,275
0.20897539,276
0.1455637,277
0.34123996,278
0.015789822,279
0.09687758,280
0.010415949,281
0.22037579,282
0.0070598735,283
0.0010933861,284
0.6285986,285
0.008045352,286
0.59509754,287
0.048986603,288
0.12160066,289
0.0010933861,290
0.14600827,291
0.005292694,292
0.16325481,293
0.13254952,294
0.04114461,295
0.09744759,296
0.09816422,297
0.0091291135,298
0.20723595,299
0.89072853,300
0.023757784,301
0.001606847,302
0.10876472,303
0.8781138,304
0.009334992,305
0.5116327,306
0.2559941,307
0.017956344,308
0.0012510754,309
0.12077332,310
0.44992766,311
0.10876472,312
0.11787535,313
0.20627391,314
0.044147704,315
0.620166,316
0.13242969,317
0.2042929,318
0.11001652,319
0.18275642,320
0.0020287104,321
0.007136286,322
0.00864388,323
0.00766458,324
0.019295206,325
0.46953452,326
0.66962165,327
0.50691545,328
0.008669763,329
0.4135401,330
0.2624814,331
0.26138735,332
0.03945298,333
0.09706705,334
0.118060656,335
0.18274717,336
0.34153917,337
0.19626689,338
0.13915277,339
0.010841149,340
0.02084322,341
0.26558757,342
0.4490277,343
0.10180287,344
0.0011179694,345
0.00731844,346
0.7527268,347
0.13123752,348
0.41382512,349
0.0146856615,350
0.82777035,351
0.12814008,352
0.0070528,353
0.015412014,354
0.11191148,355
0.08936702,356
0.013375452,357
0.14674854,358
0.0010933861,359
0.26556993,360
0.4022595,361
0.1679343,362
0.64139706,363
0.6400668,364
0.9539602,365
0.084597215,366
0.009906713,367
0.010370897,368
0.6130547,369
0.05223486,370
0.12422746,371
0.01040546,372
0.0013318381,373
0.015407746,374
0.007866752,375
0.037038367,376
0.011199597,377
0.010573297,378
0.041018333,379
0.78281575,380
0.0073069828,381
0.051666755,382
0.27079827,383
0.0053416016,384
0.014265952,385
0.18918121,386
0.008362141,387
0.118294425,388
0.56306714,389
0.008023925,390
0.16774629,391
0.011481827,392
0.007772748,393
0.78424466,394
0.008166331,395
0.017692655,396
0.1659304,397
0.011262924,398
0.00962493,399
0.0020727965,400
0.00993906,401
0.0013752824,402
0.0014286321,403
0.007026425,404
0.010415949,405
0.012395325,406
0.00867766,407
0.16026168,408
0.9593377,409
0.0166822,410
0.46463275,411
0.1455637,412
0.045076113,413
0.16913593,414
0.00867766,415
0.07595839,416
0.0142506985,417
0.057853464,418
0.85028076,419
0.09933882,420
0.2686227,421
0.15912193,422
0.0012884898,423
0.8839494,424
0.010233865,425
0.010795189,426
0.77618873,427
0.26418167,428
0.13931385,429
0.008299585,430
0.10174645,431
0.011158421,432
0.00875016,433
0.9670611,434
0.13573128,435
0.06988205,436
0.12901603,437
0.93185604,438
0.14200434,439
0.32623154,440
0.13276689,441
0.17189257,442
0.072749384,443
0.001606847,444
0.21327673,445
0.21637657,446
0.9392995,447
0.0021506,448
0.0017464693,449
0.13652024,450
0.35526618,451
0.10149496,452
0.037038367,453
0.2568846,454
0.084114365,455
0.4032209,456
0.12549031,457
0.017376088,458
0.017839747,459
0.13570733,460
0.020698387,461
0.007717351,462
0.18150926,463
0.015070455,464
0.0957868,465
0.0019019246,466
0.11988587,467
0.08074584,468
0.13195653,469
0.22238524,470
0.009310514,471
0.010415949,472
0.21339281,473
0.93657184,474
0.0018601348,475
0.13552354,476
0.00864296,477
0.01650011,478
0.23868768,479
0.75750446,480
0.011475415,481
0.017309923,482
0.12268829,483
0.008299095,484
0.017867723,485
0.21211787,486
0.18440616,487
0.95263755,488
0.0121488,489
0.26838407,490
0.008332326,491
0.009576521,492
0.2835532,493
0.41301414,494
0.009310514,495
0.35473865,496
0.018626966,497
0.018534608,498
0.4639794,499
0.016673464,500
0.014333661,501
0.116396315,502
0.8454059,503
0.0027151983,504
0.00228856,505
0.7615052,506
0.014201863,507
0.8054735,508
0.00237207,509
0.13123752,510
0.15008393,511
0.76537913,512
0.008299585,513
0.0070955213,514
0.1189595,515
0.0014640515,516
0.005226565,517
0.07228884,518
0.16458568,519
0.03955015,520
0.28981075,521
0.008669763,522
0.0020287104,523
0.18595609,524
0.8728297,525
0.9218304,526
0.0010428762,527
0.816425,528
0.20493184,529
0.10112979,530
0.0011721122,531
0.0044030803,532
0.047906954,533
0.03173026,534
0.17737874,535
0.17564876,536
0.23020495,537
0.26915944,538
0.009576521,539
0.76471585,540
0.26370755,541
0.009858124,542
0.10205661,543
0.7372996,544
0.02943332,545
0.5101629,546
0.009297386,547
0.016218027,548
0.03901759,549
0.009310514,550
0.043081414,551
0.001299613,552
0.8088561,553
0.0070448904,554
0.009789967,555
0.017376006,556
0.85184884,557
0.8376024,558
0.28764617,559
0.0094172675,560
0.096678555,561
0.0012210982,562
0.89448506,563
0.039877955,564
0.78955996,565
0.31056216,566
0.0016429557,567
0.00278353,568
0.001582504,569
0.048069686,570
0.020698387,571
0.5598557,572
0.016522666,573
0.7391753,574
0.00970437,575
0.17380548,576
0.008279691,577
0.009405412,578
0.0012210982,579
0.010352678,580
0.010415949,581
0.0188375,582
0.031677578,583
0.15043364,584
0.115943685,585
0.3453339,586
0.11916681,587
0.29508483,588
0.0012884898,589
0.02957773,590
0.7159275,591
0.009555017,592
0.94302744,593
0.017309923,594
0.88714397,595
0.13702768,596
0.011081405,597
0.041806657,598
0.14962205,599
0.0010933861,600
0.35190156,601
0.5698522,602
0.12061439,603
0.31017643,604
0.00875016,605
0.007136286,606
0.005212804,607
0.008299585,608
0.009430466,609
0.51365376,610
0.11612891,611
0.11559212,612
0.0018601348,613
0.0015326535,614
0.8233345,615
0.011848938,616
0.03306882,617
0.06339129,618
0.2517834,619
0.10646375,620
0.7127971,621
0.008272153,622
0.0077140764,623
0.077696435,624
0.2555873,625
0.6391531,626
0.010647904,627
0.018394254,628
0.011903088,629
0.10242744,630
0.15562952,631
0.103656135,632
0.31887263,633
0.18165758,634
0.11298887,635
0.3542679,636
0.0010933861,637
0.262508,638
0.09212291,639
0.19581139,640
0.12290064,641
0.084236704,642
0.8944807,643
0.9507126,644
0.6376395,645
0.027017048,646
0.7157606,647
0.024487814,648
0.009430466,649
0.09107089,650
0.0052785613,651
0.017682523,652
0.38912776,653
0.019760132,654
0.04575954,655
0.109190114,656
0.0068684896,657
0.048402466,658
0.053354792,659
0.005372838,660
0.8100077,661
0.013100892,662
0.084845416,663
0.25951385,664
0.21344417,665
0.008698502,666
0.017309923,667
0.008943548,668
0.8500979,669
0.008976881,670
0.009332681,671
0.08946359,672
0.14091861,673
0.36483446,674
0.009295765,675
0.37671232,676
0.06783959,677
0.83334243,678
0.0123061,679
0.007120586,680
0.01033117,681
0.6359858,682
0.021823116,683
0.0010933861,684
0.0018601348,685
0.09243508,686
0.0010428762,687
0.028614752,688
0.68432957,689
0.008354783,690
0.0050491737,691
0.92229664,692
0.0428941,693
0.097804286,694
0.52488786,695
0.12680195,696
0.16760008,697
0.001311656,698
0.26637194,699
0.0177139,700
0.9158742,701
0.15704745,702
0.76468915,703
0.9109612,704
0.24023391,705
0.0065083164,706
0.921161,707
0.009113633,708
0.01434957,709
0.15583965,710
0.0014853948,711
0.24834943,712
0.9466188,713
0.12714976,714
0.19961694,715
0.010239494,716
0.006193859,717
0.008769599,718
0.013955908,719
0.0078338655,720
0.031058501,721
0.13079792,722
0.0100090485,723
0.006621581,724
0.043081414,725
0.6226444,726
0.9861638,727
0.77804697,728
0.009518088,729
0.17786466,730
0.15495142,731
0.13438813,732
0.20886487,733
0.31640333,734
0.08935334,735
0.28950536,736
0.0060063424,737
0.18656464,738
0.12259132,739
0.14194703,740
0.012357266,741
0.0010428762,742
0.17043859,743
0.24451408,744
0.042147566,745
0.118999176,746
0.006720445,747
0.079485945,748
0.90920675,749
0.015479648,750
0.0044030803,751
0.007909173,752
0.8451567,753
0.008460619,754
0.102111265,755
0.013151481,756
0.010301734,757
0.010498107,758
0.36672708,759
0.2627933,760
0.016571771,761
0.1455637,762
0.14200692,763
0.18446772,764
0.013601572,765
0.79319084,766
0.049395517,767
0.1344167,768
0.00867766,769
0.024106955,770
0.011147194,771
0.00867766,772
0.008108232,773
0.05408761,774
0.0095157735,775
0.09730354,776
0.0012803375,777
0.9714119,778
0.09329201,779
0.037373316,780
0.009033438,781
0.09296122,782
0.10933435,783
0.61248624,784
0.38380724,785
0.1560951,786
0.17488539,787
0.053627454,788
0.66180956,789
0.42634964,790
0.0135528715,791
0.010065331,792
0.009387175,793
0.014858679,794
0.1269148,795
0.01724972,796
0.017612448,797
0.0074375896,798
0.0072750896,799
0.14217803,800
0.011090689,801
0.1857318,802
0.114546165,803
0.06231475,804
0.81317073,805
0.6435641,806
0.004572588,807
0.51651543,808
0.11844568,809
0.94354874,810
0.09393168,811
0.008698502,812
0.00864388,813
0.0010428762,814
0.022410074,815
0.008567646,816
0.7828047,817
0.067626275,818
0.15205137,819
0.0010933861,820
0.8900959,821
0.008108232,822
0.010839917,823
0.014858679,824
0.007857855,825
0.0014853948,826
0.007188947,827
0.1617971,828
0.17564876,829
0.21502851,830
0.5272933,831
0.61851394,832
0.008675843,833
0.0075263577,834
0.84796727,835
0.14217803,836
0.16324757,837
0.008557817,838
0.15303992,839
0.009310514,840
0.98202366,841
0.102793075,842
0.6908103,843
0.008362141,844
0.005723662,845
0.93675226,846
0.016053924,847
0.15953566,848
0.011475415,849
0.009430466,850
0.017194476,851
0.55937696,852
0.008033899,853
0.7436679,854
0.083424605,855
0.041884404,856
0.0076761576,857
0.25351143,858
0.00970437,859
0.14209494,860
0.16207515,861
0.69838357,862
0.09891526,863
0.01618007,864
0.009080767,865
0.6216916,866
0.0010933861,867
0.15583965,868
0.0075263577,869
0.013680807,870
0.95871407,871
0.0044030803,872
0.548349,873
0.6962216,874
0.005460422,875
0.008710623,876
0.31597573,877
0.013951235,878
0.92931885,879
0.009858124,880
0.075529136,881
0.0650431,882
0.012750199,883
0.009292134,884
0.016591536,885
0.14424628,886
0.1265353,887
0.19928025,888
0.5460143,889
0.06262571,890
0.90549326,891
0.704671,892
0.9025861,893
0.008991835,894
0.10674167,895
0.0134765515,896
0.19807413,897
0.017692655,898
0.039688695,899
0.49052653,900
0.12160066,901
0.10527857,902
0.43402886,903
0.003190332,904
0.34010118,905
0.063476466,906
0.38370687,907
0.0021506,908
0.0010933861,909
0.28295898,910
0.2300959,911
0.0014174633,912
0.008328186,913
0.006492227,914
0.6978355,915
0.14217803,916
0.009582081,917
0.030582488,918
0.010887805,919
0.09325755,920
0.0096494565,921
0.0114096925,922
0.4661837,923
0.0101159625,924
0.0010933861,925
0.01972095,926
0.08892219,927
0.23725401,928
0.10621516,929
0.27037233,930
0.106541574,931
0.11344007,932
0.0077140764,933
0.05259727,934
0.0012289779,935
0.10337651,936
0.105515815,937
0.010561256,938
0.11070475,939
0.010151233,940
0.13931385,941
0.457145,942
0.103110254,943
0.18353203,944
0.0011179694,945
0.041806657,946
0.19374405,947
0.16365185,948
0.011314319,949
0.5843157,950
0.001404851,951
0.048799235,952
0.6456232,953
0.011224708,954
0.32487398,955
0.56475747,956
0.0075263577,957
0.22739142,958
0.008272153,959
0.013248617,960
0.09807006,961
0.0013318381,962
0.0050491737,963
0.024106955,964
0.17663659,965
0.09841532,966
0.0181108,967
0.8055584,968
0.114546165,969
0.1826101,970
0.017371643,971
0.010626631,972
0.016522666,973
0.8059059,974
0.105742574,975
0.0021730806,976
0.011790103,977
0.0066961744,978
0.039178465,979
0.5527317,980
0.0016656986,981
0.018534608,982
0.66366446,983
0.010887805,984
0.0984168,985
0.34032002,986
0.17512016,987
0.6270202,988
0.13074698,989
0.0017742672,990
0.06626125,991
0.89916945,992
0.32844388,993
0.06489884,994
0.3539344,995
0.46727142,996
0.14819509,997
0.10674167,998
0.0050491737,999
0.0014277087,1000
0.11190551,1001
0.0058892732,1002
0.7915539,1003
0.9421294,1004
0.54339,1005
0.7446936,1006
0.3241014,1007
0.0010428762,1008
0.0021730806,1009
0.69983613,1010
0.009780763,1011
0.0068684896,1012
0.018534608,1013
0.16604598,1014
0.0868803,1015
0.8218377,1016
0.19002654,1017
0.97581154,1018
0.0012210982,1019
0.006621581,1020
0.9721849,1021
0.8540733,1022
0.13456832,1023
0.011421666,1024
0.47390813,1025
0.047044914,1026
0.7479208,1027
0.15309975,1028
0.0077600586,1029
0.044378825,1030
0.014040273,1031
0.07814698,1032
0.03306882,1033
0.011481827,1034
0.009261216,1035
0.44619134,1036
0.94766754,1037
0.001311656,1038
0.53555506,1039
0.01434957,1040
0.010352678,1041
0.0023992576,1042
0.6902192,1043
0.8864718,1044
0.016191991,1045
0.11248076,1046
0.11648547,1047
0.0074906247,1048
0.008108232,1049
0.2209497,1050
0.009576521,1051
0.004915476,1052
0.17365688,1053
0.9416483,1054
0.7886018,1055
0.0109513,1056
0.1117031,1057
0.7804974,1058
0.63580805,1059
0.0017101226,1060
0.0018601348,1061
0.16072638,1062
0.021927565,1063
0.423485,1064
0.23913884,1065
0.10808804,1066
0.0116831055,1067
0.88662,1068
0.01588652,1069
0.91493887,1070
0.0034931588,1071
0.9626667,1072
0.13558388,1073
0.15575442,1074
0.09887467,1075
0.015210054,1076
0.0010933861,1077
0.14217803,1078
0.009025383,1079
0.82667065,1080
0.004756191,1081
0.046223458,1082
0.28553197,1083
0.0049729412,1084
0.28820634,1085
0.14367238,1086
0.0010933861,1087
0.092813395,1088
0.09335125,1089
0.10792738,1090
0.008045352,1091
0.006210267,1092
0.009310514,1093
0.113406055,1094
0.9585882,1095
0.004606827,1096
0.0993081,1097
0.048069686,1098
0.852448,1099
0.2246328,1100
0.8730195,1101
0.0012019565,1102
0.17912756,1103
0.13379627,1104
0.001582504,1105
0.018534608,1106
0.009520827,1107
0.099941134,1108
0.5254474,1109
0.21598539,1110
0.007888405,1111
0.09070868,1112
0.7110254,1113
0.05692227,1114
0.07279117,1115
0.08459534,1116
0.033690535,1117
0.07226495,1118
0.008328186,1119
0.09884265,1120
0.0067696166,1121
0.87930995,1122
0.10865707,1123
0.56025064,1124
0.052674104,1125
0.0155246155,1126
0.010065331,1127
0.00849803,1128
0.0012019565,1129
0.41640872,1130
0.012052286,1131
0.007357014,1132
0.11344007,1133
0.69252336,1134
0.009310514,1135
0.6546846,1136
0.012428999,1137
0.0010933861,1138
0.006808521,1139
0.52711266,1140
0.011096669,1141
0.008045352,1142
0.89981323,1143
0.006621581,1144
0.8075831,1145
0.009974704,1146
0.33942857,1147
0.006621581,1148
0.09274781,1149
0.031125773,1150
0.3247402,1151
0.009858124,1152
0.0068684896,1153
0.22924319,1154
0.03751618,1155
0.04710276,1156
0.03751618,1157
0.21649382,1158
0.09876786,1159
0.032708257,1160
0.1731914,1161
0.014254296,1162
0.02449899,1163
0.011067666,1164
0.010116216,1165
0.385896,1166
0.008620314,1167
0.9105849,1168
0.6645416,1169
0.008989243,1170
0.094802946,1171
0.023191938,1172
0.039178465,1173
0.1668881,1174
0.25417054,1175
0.8710166,1176
0.21364208,1177
0.02660832,1178
0.54649824,1179
0.0014168014,1180
0.4141823,1181
0.08360629,1182
0.5957771,1183
0.0010428762,1184
0.6290226,1185
0.08478514,1186
0.03604115,1187
0.010130086,1188
0.00928893,1189
0.0072750896,1190
0.4912334,1191
0.1554783,1192
0.84246206,1193
0.0010933861,1194
0.009518088,1195
0.0011721122,1196
0.56398445,1197
0.0058892732,1198
0.32765257,1199
0.17416638,1200
0.40538153,1201
0.7181318,1202
0.008400596,1203
0.12104341,1204
0.55157727,1205
0.008146549,1206
0.1560951,1207
0.0010428762,1208
0.014483549,1209
0.7409302,1210
0.13882928,1211
0.015412014,1212
0.5683668,1213
0.90163994,1214
0.017309923,1215
0.15167412,1216
0.0087640425,1217
0.87060887,1218
0.17434219,1219
0.007696372,1220
0.011180182,1221
0.06268405,1222
0.10191239,1223
0.0075661587,1224
0.0050752214,1225
0.8272236,1226
0.07192102,1227
0.3527039,1228
0.008991835,1229
0.21266939,1230
0.4742169,1231
0.011481827,1232
0.18653916,1233
0.006028703,1234
0.009473995,1235
0.0019939581,1236
0.657531,1237
0.009182798,1238
0.2659763,1239
0.2924558,1240
0.12121999,1241
0.1140407,1242
0.32594895,1243
0.027085463,1244
0.045948885,1245
0.013691822,1246
0.0010933861,1247
0.16168934,1248
0.1477558,1249
0.85559547,1250
0.18898101,1251
0.0046159737,1252
0.095437154,1253
0.33268753,1254
0.11359044,1255
0.4846315,1256
0.2036495,1257
0.0014174633,1258
0.08892225,1259
0.009310514,1260
0.6087466,1261
0.0020727965,1262
0.8613345,1263
0.009334992,1264
0.006311131,1265
0.06409457,1266
0.011067666,1267
0.010237005,1268
0.010213233,1269
0.119293034,1270
0.010271127,1271
0.007359971,1272
0.8471703,1273
0.1122829,1274
0.004606827,1275
0.010065331,1276
0.2746721,1277
0.24489735,1278
0.35379416,1279
0.009780763,1280
0.9316285,1281
0.20473926,1282
0.11390045,1283
0.0010428762,1284
0.022730306,1285
0.114824556,1286
0.80192876,1287
0.020043578,1288
0.014399467,1289
0.04794327,1290
0.9422231,1291
0.07602733,1292
0.165236,1293
0.092672125,1294
0.010887805,1295
0.46388492,1296
0.03776392,1297
0.9124108,1298
0.027866703,1299
0.009858124,1300
0.008698502,1301
0.37064865,1302
0.21266939,1303
0.57280195,1304
0.008733536,1305
0.1618733,1306
0.29455274,1307
0.089288644,1308
0.010561256,1309
0.027795237,1310
0.21316184,1311
0.8603952,1312
0.010392834,1313
0.008272153,1314
0.49894616,1315
0.007888405,1316
0.91684026,1317
0.007113466,1318
0.25587687,1319
0.026225826,1320
0.0015326535,1321
0.001311656,1322
0.0114096925,1323
0.62604606,1324
0.0010933861,1325
0.50074804,1326
0.07403413,1327
0.03620191,1328
0.007342455,1329
0.07987485,1330
0.044666626,1331
0.08437225,1332
0.09884265,1333
0.10814678,1334
0.027307555,1335
0.9739691,1336
0.009314865,1337
0.5391273,1338
0.046827342,1339
0.015912745,1340
0.4256844,1341
0.2015081,1342
0.8622861,1343
0.010887805,1344
0.02504341,1345
0.07720754,1346
0.370008,1347
0.009170532,1348
0.0077696405,1349
0.83165747,1350
0.008332326,1351
0.053009614,1352
0.0012703267,1353
0.19934027,1354
0.01336015,1355
0.017242245,1356
0.506669,1357
0.0076265167,1358
0.7620855,1359
0.60990983,1360
0.0105491,1361
0.13334943,1362
0.16824013,1363
0.010887805,1364
0.58362836,1365
0.23095198,1366
0.022986598,1367
0.0048291166,1368
0.80407935,1369
0.010213233,1370
0.013733211,1371
0.42255187,1372
0.06938913,1373
0.020834133,1374
0.0096043395,1375
0.019008003,1376
0.66641086,1377
0.2319957,1378
0.8275922,1379
0.94877756,1380
0.24863291,1381
0.07390035,1382
0.64609915,1383
0.0011721122,1384
0.11555468,1385
0.1617971,1386
0.8839494,1387
0.010226671,1388
0.008669763,1389
0.23477094,1390
0.82026577,1391
0.6715981,1392
0.009310514,1393
0.0020727965,1394
0.009977912,1395
0.012122613,1396
0.92551744,1397
0.007359971,1398
0.6016316,1399
0.17352065,1400
0.008064532,1401
0.03936829,1402
0.0011721122,1403
0.008328186,1404
0.008998286,1405
0.015373367,1406
0.34277692,1407
0.12947425,1408
0.0020446857,1409
0.7662201,1410
0.72802097,1411
0.019209092,1412
0.9229412,1413
0.00867766,1414
0.0114096925,1415
0.0048291166,1416
0.10729152,1417
0.0017663125,1418
0.3177788,1419
0.60958236,1420
0.0015187786,1421
0.034954,1422
0.31727895,1423
0.35115874,1424
0.7575814,1425
0.6984194,1426
0.13787052,1427
0.622814,1428
0.045076113,1429
0.007359971,1430
0.008698502,1431
0.0010933861,1432
0.0091291135,1433
0.23637065,1434
0.0017742672,1435
0.20954426,1436
0.0108097065,1437
0.022192923,1438
0.06222239,1439
0.52383894,1440
0.011641336,1441
0.090745084,1442
0.31638005,1443
0.8574812,1444
0.008332326,1445
0.10390605,1446
0.619242,1447
0.017107682,1448
0.7693297,1449
0.17867748,1450
0.008620314,1451
0.037246943,1452
0.0091291135,1453
0.11802499,1454
0.017597184,1455
0.030734139,1456
0.37834898,1457
0.6261357,1458
0.0011721122,1459
0.1140407,1460
0.0010933861,1461
0.008272153,1462
0.041806657,1463
0.010747298,1464
0.10863015,1465
0.007888405,1466
0.8991142,1467
0.011715916,1468
0.017650845,1469
0.71653223,1470
0.0091291135,1471
0.34534544,1472
0.001606847,1473
0.8331945,1474
0.0176524,1475
0.115837745,1476
0.0070906584,1477
0.011612254,1478
0.016522666,1479
0.1597343,1480
0.08289029,1481
0.0067696166,1482
0.14217803,1483
0.15761715,1484
0.008332326,1485
0.011671274,1486
0.20124745,1487
0.001606847,1488
0.0013090078,1489
0.2704695,1490
0.1235744,1491
0.1609519,1492
0.9217026,1493
0.9497897,1494
0.006551736,1495
0.018534608,1496
0.28672266,1497
0.008883783,1498
0.14344291,1499
0.021155253,1500
0.006193859,1501
0.6286632,1502
0.01783511,1503
0.9521234,1504
0.49343592,1505
0.2559941,1506
0.2747393,1507
0.011158421,1508
0.13931385,1509
0.009555017,1510
0.008883783,1511
0.33396852,1512
0.18029505,1513
0.09004983,1514
0.037671838,1515
0.010783083,1516
0.08563605,1517
0.9590773,1518
0.12082058,1519
0.005723662,1520
0.0050491737,1521
0.013780354,1522
0.110304095,1523
0.87354046,1524
0.14367238,1525
0.7088916,1526
0.6815838,1527
0.007477679,1528
0.010415949,1529
0.00803008,1530
0.23945597,1531
0.0011646954,1532
0.113462284,1533
0.0046159737,1534
0.011255221,1535
0.0019985742,1536
0.001311656,1537
0.5213989,1538
0.10876472,1539
0.009470175,1540
0.008687649,1541
0.17057523,1542
0.0016847686,1543
0.0010428762,1544
0.22032419,1545
0.011300955,1546
0.96169347,1547
0.7687479,1548
0.60858995,1549
0.4161688,1550
0.015448823,1551
0.011824091,1552
0.005292694,1553
0.106151715,1554
0.16666512,1555
0.22747529,1556
0.0012703267,1557
0.40312132,1558
0.001606847,1559
0.6877468,1560
0.1702359,1561
0.02941684,1562
0.0164558,1563
0.9199884,1564
0.04794327,1565
0.92152125,1566
0.4173618,1567
0.1617971,1568
0.60486925,1569
0.0055114897,1570
0.24176736,1571
0.17227955,1572
0.17984334,1573
0.008710623,1574
0.14544679,1575
0.120632574,1576
0.02489969,1577
0.5391641,1578
0.0049729412,1579
0.612212,1580
0.45069256,1581
0.066933446,1582
0.39707065,1583
0.008458982,1584
0.6515016,1585
0.21015805,1586
0.010412111,1587
0.17737874,1588
0.7020676,1589
0.009516871,1590
0.0075263577,1591
0.009758363,1592
0.05437365,1593
0.73101985,1594
0.10489687,1595
0.18108185,1596
0.108897105,1597
0.01086588,1598
0.23020495,1599
0.43473554,1600
0.86988884,1601
0.008146549,1602
0.16097543,1603
0.7250546,1604
0.0010933861,1605
0.014263445,1606
0.26332814,1607
0.010887805,1608
0.006000023,1609
0.3297403,1610
0.103656135,1611
0.010755392,1612
0.5526601,1613
0.00719912,1614
0.02972918,1615
0.101480484,1616
0.89992666,1617
0.022908857,1618
0.0020952746,1619
0.7301294,1620
0.02449899,1621
0.0011721122,1622
0.41148505,1623
0.0044030803,1624
0.009780763,1625
0.5806843,1626
0.09779541,1627
0.014140616,1628
0.009310514,1629
0.047615986,1630
0.3180815,1631
0.009310514,1632
0.010852067,1633
0.12668404,1634
0.001491158,1635
0.010686864,1636
0.0318257,1637
0.06275224,1638
0.9297496,1639
0.38866264,1640
0.013143098,1641
0.7628559,1642
0.8341616,1643
0.011790103,1644
0.008892553,1645
0.5909331,1646
0.0650431,1647
0.0046159737,1648
0.546107,1649
0.7986904,1650
0.010841149,1651
0.008528922,1652
0.009576521,1653
0.5335373,1654
0.011067666,1655
0.010667155,1656
0.93167657,1657
0.36908704,1658
0.012663251,1659
0.5905465,1660
0.021727232,1661
0.008045352,1662
0.009439045,1663
0.28006876,1664
0.006521764,1665
0.15747412,1666
0.17854281,1667
0.8904979,1668
0.010415949,1669
0.79232967,1670
0.9402129,1671
0.009430466,1672
0.055560224,1673
0.58098656,1674
0.12936431,1675
0.008985064,1676
0.0085182795,1677
0.34019566,1678
0.0076265167,1679
0.9115171,1680
0.031389844,1681
0.008669763,1682
0.16224897,1683
0.13148484,1684
0.10674167,1685
0.43172294,1686
0.9368081,1687
0.011255221,1688
0.4905006,1689
0.9496013,1690
0.008328186,1691
0.009814885,1692
0.01102453,1693
0.5532379,1694
0.0010933861,1695
0.69795316,1696
0.0114096925,1697
0.007826487,1698
0.6351094,1699
0.008551115,1700
0.010415949,1701
0.096654296,1702
0.39243966,1703
0.0010933861,1704
0.0067696166,1705
0.8676477,1706
0.011557366,1707
0.2507174,1708
0.0022678573,1709
0.00924675,1710
0.87418693,1711
0.7364426,1712
0.4135806,1713
0.041806657,1714
0.007477679,1715
0.102937385,1716
0.21210328,1717
0.86210215,1718
0.6692682,1719
0.7868946,1720
0.60367996,1721
0.20149416,1722
0.001311656,1723
0.29031813,1724
0.0075979303,1725
0.20419285,1726
0.034910493,1727
0.006863557,1728
0.012996802,1729
0.6537591,1730
0.008892553,1731
0.19628872,1732
0.0072268914,1733
0.9487355,1734
0.010415949,1735
0.0010428762,1736
0.6290544,1737
0.032227986,1738
0.78265035,1739
0.2240044,1740
0.7517779,1741
0.6066981,1742
0.006193859,1743
0.90621024,1744
0.0044030803,1745
0.04612636,1746
0.5403279,1747
0.0138179,1748
0.00766458,1749
0.008500738,1750
0.0018362034,1751
0.06988296,1752
0.24116905,1753
0.043748606,1754
0.019760132,1755
0.37860075,1756
0.21564284,1757
0.18446772,1758
0.009974982,1759
0.57360697,1760
0.024781441,1761
0.023634875,1762
0.12153773,1763
0.021964693,1764
0.030582488,1765
0.012744481,1766
0.009814885,1767
0.0015326535,1768
0.21266939,1769
0.20167665,1770
0.32487398,1771
0.13977315,1772
0.023637533,1773
0.008927613,1774
0.8285903,1775
0.20481545,1776
0.041018333,1777
0.64070916,1778
0.011255221,1779
0.007009545,1780
0.15388735,1781
0.17227955,1782
0.43053272,1783
0.00913771,1784
0.005292694,1785
0.005292694,1786
0.0011721122,1787
0.110839196,1788
0.0114096925,1789
0.15912193,1790
0.00719912,1791
0.22467785,1792
0.71258163,1793
0.18544565,1794
0.08766683,1795
0.10475344,1796
0.68161595,1797
0.21750881,1798
0.29560074,1799
0.11083174,1800
0.014880213,1801
0.0010428762,1802
0.14741462,1803
0.010017495,1804
0.008137719,1805
0.2299881,1806
0.011644128,1807
0.010351999,1808
0.024106955,1809
0.119411744,1810
0.75612974,1811
0.3184175,1812
0.116796024,1813
0.21146438,1814
0.25820643,1815
0.01086588,1816
0.018144954,1817
0.1645779,1818
0.037247457,1819
0.12373784,1820
0.11729482,1821
0.009310514,1822
0.011886919,1823
0.01365636,1824
0.33540335,1825
0.005723662,1826
0.98827654,1827
0.046841286,1828
0.0142817665,1829
0.0063040806,1830
0.02941684,1831
0.007888405,1832
0.010967416,1833
0.054471515,1834
0.01033117,1835
0.7248574,1836
0.0026899073,1837
0.16927727,1838
0.14692087,1839
0.1560951,1840
0.42011276,1841
0.0012025922,1842
0.045374572,1843
0.009143397,1844
0.0011179694,1845
0.3717757,1846
0.011316719,1847
0.11901228,1848
0.30856314,1849
0.37319666,1850
0.19626689,1851
0.1572961,1852
0.20047516,1853
0.09121245,1854
0.16154055,1855
0.010415949,1856
0.008299095,1857
0.12836884,1858
0.154503,1859
0.0010428762,1860
0.009059193,1861
0.20067573,1862
0.008212555,1863
0.31692404,1864
0.17074157,1865
0.007930499,1866
0.027327731,1867
0.001311656,1868
0.010303491,1869
0.001509433,1870
0.6658697,1871
0.008635442,1872
0.8837378,1873
0.21591131,1874
0.016522666,1875
0.010040655,1876
0.64998543,1877
0.015219307,1878
0.007546181,1879
0.0018644416,1880
0.10724264,1881
0.09054245,1882
0.07944228,1883
0.024867829,1884
0.0010933861,1885
0.10396171,1886
0.13209295,1887
0.73275644,1888
0.37410063,1889
0.051283788,1890
0.09880842,1891
0.12961556,1892
0.4095093,1893
0.00849803,1894
0.21435754,1895
0.108513184,1896
0.791702,1897
0.11869491,1898
0.03085187,1899
0.009143397,1900
0.011966723,1901
0.0015887923,1902
0.008976881,1903
0.0011179694,1904
0.40955073,1905
0.016736563,1906
0.008513843,1907
0.0010933861,1908
0.035123114,1909
0.008332326,1910
0.3111452,1911
0.08447531,1912
0.02449899,1913
0.6658532,1914
0.09146142,1915
0.0010428762,1916
0.17912756,1917
0.42404714,1918
0.01621621,1919
0.02561927,1920
0.01749715,1921
0.13402595,1922
0.17713784,1923
0.0080481805,1924
0.1554783,1925
0.074803464,1926
0.042050775,1927
0.008698502,1928
0.01094754,1929
0.1691201,1930
0.0010933861,1931
0.013103167,1932
0.008907149,1933
0.65532726,1934
0.0052785613,1935
0.545739,1936
0.007888405,1937
0.025838183,1938
0.034239862,1939
0.19472906,1940
0.15666334,1941
0.012518727,1942
0.0114096925,1943
0.008769599,1944
0.010266,1945
0.036130972,1946
0.0075263577,1947
0.07602733,1948
0.87536776,1949
0.13761951,1950
0.1572961,1951
0.039195824,1952
0.10040814,1953
0.122267246,1954
0.017309923,1955
0.008838127,1956
0.0010933861,1957
0.009310514,1958
0.007005288,1959
0.105515815,1960
0.7214743,1961
0.1843531,1962
0.10314084,1963
0.17189257,1964
0.04420405,1965
0.011909241,1966
0.11036937,1967
0.92003465,1968
0.26928052,1969
0.009260232,1970
0.087976374,1971
0.008328186,1972
0.41121015,1973
0.2795973,1974
0.14942321,1975
0.049171794,1976
0.008883783,1977
0.011625261,1978
0.70572305,1979
0.01699133,1980
0.03608057,1981
0.021959182,1982
0.11299304,1983
0.014201863,1984
0.016137451,1985
0.62207794,1986
0.11916681,1987
0.41501966,1988
0.06892121,1989
0.008003937,1990
0.008698502,1991
0.008998286,1992
0.2123503,1993
0.007779874,1994
0.20996359,1995
0.008328186,1996
0.47028568,1997
0.6336651,1998
0.75214624,1999
0.77817464,2000
0.9229839,2001
0.013024664,2002
0.04584005,2003
0.3776465,2004
0.041018333,2005
0.8860904,2006
0.28710076,2007
0.008332326,2008
0.14300518,2009
0.0091291135,2010
0.012994149,2011
0.18420167,2012
0.14288121,2013
0.027017048,2014
0.11277414,2015
0.09343423,2016
0.012262448,2017
0.96507573,2018
0.05074599,2019
0.21570055,2020
0.019797143,2021
0.17340326,2022
0.0010428762,2023
0.30897397,2024
0.07490274,2025
0.010086901,2026
0.054361604,2027
0.008299585,2028
0.11108743,2029
0.0020742796,2030
0.11559212,2031
0.009977912,2032
0.006597408,2033
0.3515631,2034
0.010001151,2035
0.0016592471,2036
0.0017742672,2037
0.85984993,2038
0.84427303,2039
0.04612636,2040
0.12733796,2041
0.010941414,2042
0.18428263,2043
0.017361715,2044
0.88130367,2045
0.2945066,2046
0.009741512,2047
0.15912193,2048
0.15984547,2049
0.48843446,2050
0.005212804,2051
0.3901239,2052
0.008272153,2053
0.7016424,2054
0.10876472,2055
0.006163811,2056
0.008669763,2057
0.0016656986,2058
0.034239862,2059
0.015118972,2060
0.017940173,2061
0.18131156,2062
0.1902899,2063
0.36954966,2064
0.69325805,2065
0.0091291135,2066
0.7875222,2067
0.18846285,2068
0.069861606,2069
0.22977932,2070
0.012982376,2071
0.01033117,2072
0.13123752,2073
0.020999424,2074
0.82239425,2075
0.19320007,2076
0.013563718,2077
0.07936132,2078
0.38370687,2079
0.33066913,2080
0.44972003,2081
0.6077527,2082
0.40832216,2083
0.2586769,2084
0.0076265167,2085
0.6416894,2086
0.0114096925,2087
0.2177415,2088
0.20954426,2089
0.018534608,2090
0.008464144,2091
0.1578133,2092
0.0021730806,2093
0.0013318381,2094
0.5439322,2095
0.0010933861,2096
0.010799039,2097
0.0085832495,2098
0.2892483,2099
0.82983536,2100
0.81871635,2101
0.08355459,2102
0.008883783,2103
0.02357953,2104
0.16244581,2105
0.0071663777,2106
0.18770888,2107
0.8441173,2108
0.48521587,2109
0.10131827,2110
0.09540338,2111
0.0018601348,2112
0.008528922,2113
0.3586974,2114
0.14344291,2115
0.08346895,2116
0.060911395,2117
0.10876472,2118
0.010065331,2119
0.7906078,2120
0.32047224,2121
0.013982658,2122
0.18108185,2123
0.65482527,2124
0.077079676,2125
0.11359044,2126
0.06645141,2127
0.10174645,2128
0.7490683,2129
0.0076761576,2130
0.2294587,2131
0.010140027,2132
0.05259727,2133
0.0014174633,2134
0.13623177,2135
0.96936584,2136
0.0080124,2137
0.011043907,2138
0.19544542,2139
0.30637863,2140
0.0070581688,2141
0.008137634,2142
0.00228856,2143
0.0010933861,2144
0.8383035,2145
0.02833055,2146
0.30204666,2147
0.009469205,2148
0.04427026,2149
0.28192902,2150
0.18846285,2151
0.060807783,2152
0.010060068,2153
0.008328186,2154
0.14741462,2155
0.010783083,2156
0.10369991,2157
0.009806464,2158
0.21488294,2159
0.0052133654,2160
0.06278827,2161
0.13461892,2162
0.007779874,2163
0.017742414,2164
0.00901759,2165
0.019177701,2166
0.008132671,2167
0.01650446,2168
0.17043859,2169
0.0010933861,2170
0.7705044,2171
0.001935076,2172
0.011753874,2173
0.011147194,2174
0.0011721122,2175
0.0016311684,2176
0.008108232,2177
0.012979608,2178
0.110839196,2179
0.30975258,2180
0.06401665,2181
0.05426124,2182
0.011098668,2183
0.5282719,2184
0.010945139,2185
0.24526608,2186
0.010412111,2187
0.6094993,2188
0.008045352,2189
0.007780849,2190
0.8081042,2191
0.010226671,2192
0.1826101,2193
0.007560564,2194
0.013445114,2195
0.34030753,2196
0.29422283,2197
0.17142849,2198
0.9716167,2199
0.09136407,2200
0.30571938,2201
0.009357216,2202
0.7605874,2203
0.0017269546,2204
0.94883245,2205
0.1248238,2206
0.013344539,2207
0.52235806,2208
0.16157742,2209
0.21890464,2210
0.039866254,2211
0.98221546,2212
0.015912745,2213
0.11638775,2214
0.048986603,2215
0.008883783,2216
0.0115685,2217
0.07156089,2218
0.034910493,2219
0.18635638,2220
0.10389421,2221
0.007950068,2222
0.06551358,2223
0.0092253955,2224
0.0067696166,2225
0.2056581,2226
0.010415949,2227
0.00719912,2228
0.41976452,2229
0.1483541,2230
0.12957035,2231
0.12729582,2232
0.28011814,2233
0.0011646954,2234
0.009526354,2235
0.10067873,2236
0.59728074,2237
0.009904005,2238
0.11559212,2239
0.0050356886,2240
0.029663432,2241
0.13597398,2242
0.13184503,2243
0.022333087,2244
0.59713316,2245
0.010809543,2246
0.035140563,2247
0.0012025922,2248
0.5884325,2249
0.009464671,2250
0.010294931,2251
0.0048291166,2252
0.12879892,2253
0.012582621,2254
0.42689794,2255
0.010344996,2256
0.6348625,2257
0.011343608,2258
0.08910489,2259
0.38708097,2260
0.120631106,2261
0.032085754,2262
0.038492203,2263
0.0018487225,2264
0.049867895,2265
0.19405645,2266
0.11147556,2267
0.380541,2268
0.63084394,2269
0.11161747,2270
0.0011721122,2271
0.011054933,2272
0.11229704,2273
0.008892553,2274
0.10065822,2275
0.6980783,2276
0.18798968,2277
0.13785444,2278
0.9095816,2279
0.17163643,2280
0.8227159,2281
0.013695081,2282
0.14424628,2283
0.0074130036,2284
0.006024827,2285
0.61972094,2286
0.031125773,2287
0.16049887,2288
0.64587253,2289
0.090745084,2290
0.79169357,2291
0.059606116,2292
0.07394468,2293
0.6744598,2294
0.029291324,2295
0.2058192,2296
0.001606847,2297
0.4330704,2298
0.013200064,2299
0.07067908,2300
0.015584029,2301
0.14627376,2302
0.005618459,2303
0.22085053,2304
0.006808521,2305
0.028139874,2306
0.010841149,2307
0.6097456,2308
0.24923103,2309
0.2859667,2310
0.14757887,2311
0.010706417,2312
0.008137719,2313
0.030307395,2314
0.010570419,2315
0.20881794,2316
0.0012289779,2317
0.0020287104,2318
0.018419351,2319
0.53917515,2320
0.008665849,2321
0.010895198,2322
0.12421508,2323
0.020698387,2324
0.017309923,2325
0.91301286,2326
0.8263854,2327
0.00766458,2328
0.00993906,2329
0.0093688965,2330
0.009623754,2331
0.0014640515,2332
0.851174,2333
0.95906603,2334
0.010259776,2335
0.0044030803,2336
0.033406425,2337
0.60745674,2338
0.06178996,2339
0.0107426895,2340
0.19205816,2341
0.67479616,2342
0.014133639,2343
0.06280205,2344
0.007005288,2345
0.011103588,2346
0.40498847,2347
0.0100085,2348
0.0012289779,2349
0.011790103,2350
0.15210389,2351
0.009261216,2352
0.2394786,2353
0.008268419,2354
0.98927885,2355
0.00212096,2356
0.6073001,2357
0.26915944,2358
0.87548625,2359
0.1269148,2360
0.023801452,2361
0.4446224,2362
0.0010933861,2363
0.1015154,2364
0.2340118,2365
0.009334992,2366
0.0015923013,2367
0.0010428762,2368
0.15348127,2369
0.15008393,2370
0.11489805,2371
0.0022539126,2372
0.097192936,2373
0.017365752,2374
0.09672447,2375
0.1645779,2376
0.013853704,2377
0.33993974,2378
0.5090506,2379
0.041095972,2380
0.9571669,2381
0.2407081,2382
0.19263013,2383
0.00731273,2384
0.620612,2385
0.047419485,2386
0.053331506,2387
0.007888405,2388
0.92752016,2389
0.0100276,2390
0.0010933861,2391
0.046248216,2392
0.00993906,2393
0.0015694243,2394
0.009869371,2395
0.009284741,2396
0.0114096925,2397
0.009373125,2398
0.37732372,2399
0.01135531,2400
0.010259776,2401
0.0012884898,2402
0.03288925,2403
0.002486797,2404
0.015867177,2405
0.10390605,2406
0.14059362,2407
0.00719912,2408
0.11554648,2409
0.06711176,2410
0.17753492,2411
0.81598866,2412
0.86674064,2413
0.11410465,2414
0.13730496,2415
0.011689924,2416
0.3299979,2417
0.09715927,2418
0.15264691,2419
0.93031114,2420
0.0155046815,2421
0.09167381,2422
0.009045155,2423
0.008332326,2424
0.63528866,2425
0.83792704,2426
0.008669763,2427
0.14697915,2428
0.016867537,2429
0.7777332,2430
0.0068684896,2431
0.1988066,2432
0.008822914,2433
0.010887805,2434
0.034239862,2435
0.0010933861,2436
0.21969387,2437
0.16084908,2438
0.26819015,2439
0.519044,2440
0.80812764,2441
0.006311131,2442
0.09578067,2443
0.058961537,2444
0.9499504,2445
0.12160066,2446
0.13362667,2447
0.01466783,2448
0.0011721122,2449
0.010950562,2450
0.034779083,2451
0.008620314,2452
0.0014418687,2453
0.14680713,2454
0.0014853948,2455
0.009858124,2456
0.009310514,2457
0.05685293,2458
0.011300955,2459
0.11398071,2460
0.8176138,2461
0.9253388,2462
0.40868947,2463
0.29883045,2464
0.908767,2465
0.20950316,2466
0.11280889,2467
0.075804494,2468
0.17172308,2469
0.007888405,2470
0.0022398653,2471
0.32389852,2472
0.009310514,2473
0.3683293,2474
0.012934237,2475
0.09393099,2476
0.008137719,2477
0.0829587,2478
0.42390043,2479
0.0014628891,2480
0.12373784,2481
0.18955778,2482
0.9405003,2483
0.8830623,2484
0.19915463,2485
0.001311656,2486
0.006621581,2487
0.0650431,2488
0.3237371,2489
0.12880859,2490
0.8256589,2491
0.010647904,2492
0.009789967,2493
0.7671032,2494
0.71338356,2495
0.84941477,2496
0.22732607,2497
0.039195824,2498
0.18559301,2499
0.034114636,2500
0.10463909,2501
0.15031436,2502
0.016522666,2503
0.5549272,2504
0.0011464369,2505
0.009310514,2506
0.008137719,2507
0.20723595,2508
0.0110651245,2509
0.105515815,2510
0.9125457,2511
0.08070584,2512
0.7058653,2513
0.06783944,2514
0.14104383,2515
0.86555094,2516
0.008710623,2517
0.08059865,2518
0.0012884898,2519
0.00993906,2520
0.15237536,2521
0.01033117,2522
0.49353585,2523
0.42562988,2524
0.005292694,2525
0.6329704,2526
0.048986603,2527
0.052080955,2528
0.01390727,2529
0.17502593,2530
0.11781865,2531
0.1299657,2532
0.08853458,2533
0.010166452,2534
0.1466996,2535
0.18284573,2536
0.09687758,2537
0.1456381,2538
0.11986819,2539
0.65959287,2540
0.24117276,2541
0.7150617,2542
0.00924675,2543
0.59695315,2544
0.050872974,2545
0.014074204,2546
0.18044513,2547
0.6013189,2548
0.18284573,2549
0.017940173,2550
0.0076761576,2551
0.05457056,2552
0.118298635,2553
0.009059193,2554
0.010060068,2555
0.12953651,2556
0.003190332,2557
0.033406425,2558
0.44844493,2559
0.10268055,2560
0.32414275,2561
0.089258365,2562
0.11359044,2563
0.11559212,2564
0.070692725,2565
0.35681716,2566
0.0018983172,2567
0.02098378,2568
0.07814698,2569
0.0093688965,2570
0.012395325,2571
0.8629785,2572
0.11781109,2573
0.11529873,2574
0.09687758,2575
0.16365185,2576
0.7095076,2577
0.16831203,2578
0.005618459,2579
0.011316719,2580
0.1268266,2581
0.11344007,2582
0.027464781,2583
0.7330658,2584
0.013335777,2585
0.096654296,2586
0.0070976173,2587
0.09354948,2588
0.93030214,2589
0.18955778,2590
0.41009852,2591
0.0086445175,2592
0.0019586065,2593
0.5200788,2594
0.6139405,2595
0.03776392,2596
0.05087382,2597
0.5620566,2598
0.869307,2599
0.0012703267,2600
0.094853334,2601
0.8470272,2602
0.3622119,2603
0.8512977,2604
0.00731273,2605
0.0015887923,2606
0.18846285,2607
0.008500738,2608
0.007359971,2609
0.24111553,2610
0.09992569,2611
0.009006475,2612
0.8031863,2613
0.34724203,2614
0.1198016,2615
0.010438691,2616
0.90111077,2617
0.64243853,2618
0.8753342,2619
0.01033117,2620
0.9126127,2621
0.024872769,2622
0.007888405,2623
0.0091291135,2624
0.008998286,2625
0.43503907,2626
0.009676639,2627
0.001954665,2628
0.7873552,2629
0.014333661,2630
0.15840384,2631
0.75116545,2632
0.17679158,2633
0.006459948,2634
0.010046013,2635
0.018226815,2636
0.46258974,2637
0.04904394,2638
0.009742088,2639
0.0650431,2640
0.0023343551,2641
0.8056714,2642
0.3608446,2643
0.007597333,2644
0.105742574,2645
0.0010428762,2646
0.68163204,2647
0.02023809,2648
0.0019250629,2649
0.8818256,2650
0.965966,2651
0.026196467,2652
0.08360629,2653
0.44351485,2654
0.007888405,2655
0.7355195,2656
0.009430466,2657
0.011886919,2658
0.006621581,2659
0.0015581637,2660
0.11929199,2661
0.06606169,2662
0.91429406,2663
0.0020513516,2664
0.1952094,2665
0.27638635,2666
0.014516343,2667
0.06243916,2668
0.02379247,2669
0.06481319,2670
0.07886069,2671
0.011343454,2672
0.042050775,2673
0.4811582,2674
0.9228692,2675
0.13195653,2676
0.05353264,2677
0.010799039,2678
0.0010933861,2679
0.5633022,2680
0.0014628891,2681
0.0010933861,2682
0.057837732,2683
0.8471656,2684
0.7859101,2685
0.09807506,2686
0.27196795,2687
0.012996802,2688
0.9330147,2689
0.5940505,2690
0.701178,2691
0.27955663,2692
0.09180931,2693
0.24687746,2694
0.6594091,2695
0.19515769,2696
0.007477679,2697
0.16865785,2698
0.009814885,2699
0.9248713,2700
0.015680581,2701
0.008710623,2702
0.20044781,2703
0.571565,2704
0.054902542,2705
0.0013725059,2706
0.0044030803,2707
0.012390295,2708
0.8048556,2709
0.1826101,2710
0.009430466,2711
0.1840454,2712
0.15562952,2713
0.009310514,2714
0.0114096925,2715
0.010042015,2716
0.012052286,2717
0.18108185,2718
0.00719912,2719
0.019835668,2720
0.73842484,2721
0.183314,2722
0.006621581,2723
0.7014348,2724
0.8477673,2725
0.6240267,2726
0.12763436,2727
0.11968939,2728
0.0019586065,2729
0.04857653,2730
0.002862594,2731
0.035349272,2732
0.22087699,2733
0.006492227,2734
0.74307686,2735
0.13294286,2736
0.0096043395,2737
0.0018662004,2738
0.008559796,2739
0.8025009,2740
0.14805108,2741
0.009424722,2742
0.28074005,2743
0.008108232,2744
0.10794867,2745
0.13674077,2746
0.00954307,2747
0.122883536,2748
0.17502593,2749
0.119293034,2750
0.83937484,2751
0.0109513,2752
0.039195824,2753
0.9850017,2754
0.007888405,2755
0.008332326,2756
0.6570014,2757
0.010355742,2758
0.38143346,2759
0.020698387,2760
0.008829214,2761
0.24023053,2762
0.859171,2763
0.9289707,2764
0.11383096,2765
0.08889331,2766
0.031919558,2767
0.6665321,2768
0.65019816,2769
0.01847237,2770
0.04002873,2771
0.014984032,2772
0.008943548,2773
0.010415949,2774
0.014003844,2775
0.7918263,2776
0.46731743,2777
0.1857318,2778
0.0010933861,2779
0.726398,2780
0.056986112,2781
0.008635442,2782
0.009430466,2783
0.467023,2784
0.007218544,2785
0.016354943,2786
0.03995058,2787
0.010259524,2788
0.0068684896,2789
0.010583239,2790
0.2956655,2791
0.009153118,2792
0.008454572,2793
0.17189257,2794
0.23029445,2795
0.008943548,2796
0.04750986,2797
0.9001117,2798
0.2766923,2799
0.044913094,2800
0.008332326,2801
0.115656674,2802
0.085729554,2803
0.0114096925,2804
0.010827382,2805
0.33220312,2806
0.11344007,2807
0.0052785613,2808
0.011835373,2809
0.059883747,2810
0.21408312,2811
0.5638571,2812
0.03998411,2813
0.010344996,2814
0.8555067,2815
0.10274686,2816
0.20913874,2817
0.002390314,2818
0.15425402,2819
0.011455566,2820
0.12665541,2821
0.1916032,2822
0.008364432,2823
0.008332326,2824
0.08513061,2825
0.009520827,2826
0.074803464,2827
0.41825426,2828
0.7505573,2829
0.009924792,2830
0.1826101,2831
0.1702359,2832
0.008924782,2833
0.0017224794,2834
0.92378634,2835
0.16744906,2836
0.011690074,2837
0.44731003,2838
0.24274084,2839
0.056812786,2840
0.9399799,2841
0.20834589,2842
0.3769845,2843
0.010031531,2844
0.20404506,2845
0.00186938,2846
0.56051666,2847
0.02972918,2848
0.009153118,2849
0.12675877,2850
0.15399179,2851
0.0014853948,2852
0.019760132,2853
0.018534608,2854
0.121040046,2855
0.52271485,2856
0.10922298,2857
0.007026425,2858
0.20124745,2859
0.021322343,2860
0.16674702,2861
0.9038696,2862
0.765852,2863
0.010344996,2864
0.153289,2865
0.15704745,2866
0.0096043395,2867
0.33845147,2868
0.64131993,2869
0.013417103,2870
0.60618013,2871
0.007950068,2872
0.0010933861,2873
0.0100276,2874
0.04002873,2875
0.20996359,2876
0.11869491,2877
0.010573297,2878
0.008214979,2879
0.01339416,2880
0.6538852,2881
0.011054933,2882
0.053211022,2883
0.0011179694,2884
0.011323775,2885
0.102793075,2886
0.010520078,2887
0.92431575,2888
0.008045352,2889
0.17920873,2890
0.22497657,2891
0.4054278,2892
0.58843243,2893
0.010887805,2894
0.06397606,2895
0.64574075,2896
0.041018333,2897
0.016542748,2898
0.46931848,2899
0.012991617,2900
0.15349694,2901
0.61082447,2902
0.18331976,2903
0.74289864,2904
0.6446423,2905
0.21564284,2906
0.6093429,2907
0.0915206,2908
0.07178205,2909
0.012100625,2910
0.009310514,2911
0.101168014,2912
0.7125767,2913
0.65976965,2914
0.01238066,2915
0.56471056,2916
0.103656135,2917
0.2591885,2918
0.36905,2919
0.011173046,2920
0.7609847,2921
0.01078618,2922
0.010412111,2923
0.001311656,2924
0.09876786,2925
0.07337902,2926
0.13194507,2927
0.65634716,2928
0.28480858,2929
0.0023480533,2930
0.0012210982,2931
0.0077348794,2932
0.87017184,2933
0.77060187,2934
0.1609519,2935
0.19995199,2936
0.008108232,2937
0.050872974,2938
0.6737383,2939
0.0012510754,2940
0.3447201,2941
0.008998286,2942
0.84633625,2943
0.09891526,2944
0.9067936,2945
0.09335125,2946
0.15704745,2947
0.0010428762,2948
0.24761441,2949
0.013024664,2950
0.03995058,2951
0.008665849,2952
0.007909173,2953
0.1455637,2954
0.011224708,2955
0.025678115,2956
0.005460422,2957
0.011171303,2958
0.10682924,2959
0.8345692,2960
0.0100276,2961
0.13977315,2962
0.90245026,2963
0.9007344,2964
0.0114096925,2965
0.011251015,2966
0.29105937,2967
0.17078103,2968
0.15119423,2969
0.10607265,2970
0.0015326535,2971
0.12120134,2972
0.6620469,2973
0.008332326,2974
0.01434957,2975
0.12897503,2976
0.008528922,2977
0.14696504,2978
0.02021354,2979
0.010073059,2980
0.48323953,2981
0.29769194,2982
0.0804723,2983
0.26858267,2984
0.008698502,2985
0.0015326535,2986
0.001935076,2987
0.41370472,2988
0.12305679,2989
0.1609519,2990
0.054119114,2991
0.13977315,2992
0.008620314,2993
0.17043859,2994
0.1392038,2995
0.010185259,2996
0.8121616,2997
0.11984835,2998
0.013680807,2999
0.14816691,3000
0.0044030803,3001
0.9000494,3002
0.21043639,3003
0.5191845,3004
0.21151271,3005
0.9283377,3006
0.4046369,3007
0.009518088,3008
0.014501181,3009
0.008108232,3010
0.009255635,3011
0.22111122,3012
0.12475129,3013
0.1826101,3014
0.3176352,3015
0.007950068,3016
0.14136727,3017
0.26930925,3018
0.008669763,3019
0.029663432,3020
0.1609519,3021
0.20950316,3022
0.7936173,3023
0.03115078,3024
0.054220427,3025
0.26491567,3026
0.010415949,3027
0.008991835,3028
0.0015326535,3029
0.7988042,3030
0.37860087,3031
0.15704745,3032
0.027017048,3033
0.674638,3034
0.17578174,3035
0.47975817,3036
0.008892028,3037
0.012913238,3038
0.0077140764,3039
0.066493526,3040
0.023992963,3041
0.21709625,3042
0.90931195,3043
0.09180931,3044
0.29518762,3045
0.19374405,3046
0.1416253,3047
0.9495191,3048
0.0012703267,3049
0.6001871,3050
0.9277339,3051
0.075804494,3052
0.00731273,3053
0.022854343,3054
0.004200319,3055
0.006112292,3056
0.03680565,3057
0.11559212,3058
0.1153551,3059
0.009319702,3060
0.0022180448,3061
0.41753903,3062
0.9742327,3063
0.02449899,3064
0.001509433,3065
0.0010428762,3066
0.008883783,3067
0.008224954,3068
0.0015326535,3069
0.013695081,3070
0.0014853948,3071
0.15976195,3072
0.010887805,3073
0.58436114,3074
0.7911351,3075
0.8491769,3076
0.94268906,3077
0.009430466,3078
0.012056789,3079
0.011673623,3080
0.8484368,3081
0.0024016097,3082
0.33995217,3083
0.009170532,3084
0.16940565,3085
0.2290537,3086
0.00849803,3087
0.14770217,3088
0.19002654,3089
0.59166664,3090
0.0010428762,3091
0.008452246,3092
0.17267,3093
0.06626125,3094
0.0053594564,3095
0.012225919,3096
0.010415949,3097
0.10865707,3098
0.013024664,3099
0.08076856,3100
0.38878787,3101
0.65382046,3102
0.7651056,3103
0.65014297,3104
0.00613373,3105
0.1554783,3106
0.17013589,3107
0.21747844,3108
0.008669763,3109
0.23215106,3110
0.15088072,3111
0.2070683,3112
0.005889139,3113
0.2036495,3114
0.01789178,3115
0.0071430528,3116
0.32557416,3117
0.008943548,3118
0.6869708,3119
0.0013520026,3120
0.009644645,3121
0.8105561,3122
0.9229828,3123
0.00913771,3124
0.21553871,3125
0.43993664,3126
0.941128,3127
0.007950068,3128
0.1662206,3129
0.0014628891,3130
0.017194549,3131
0.014333661,3132
0.014161425,3133
0.11638775,3134
0.8596182,3135
0.28119686,3136
0.11752735,3137
0.053123645,3138
0.23609525,3139
0.9473178,3140
0.04794327,3141
0.108897105,3142
0.0017559294,3143
0.920013,3144
0.007169971,3145
0.17663659,3146
0.1609519,3147
0.62100726,3148
0.0014168014,3149
0.8556076,3150
0.29020554,3151
0.0018601348,3152
0.11353966,3153
0.5285644,3154
0.0014853948,3155
0.20471177,3156
0.008822914,3157
0.5205866,3158
0.5772172,3159
0.31949988,3160
0.14744525,3161
0.0011179694,3162
0.16744906,3163
0.0017031278,3164
0.0075773774,3165
0.09077511,3166
0.0013605892,3167
0.034820363,3168
0.88123935,3169
0.010040655,3170
0.0068684896,3171
0.01121211,3172
0.5268428,3173
0.1424265,3174
0.0010933861,3175
0.03870748,3176
0.012323435,3177
0.07820368,3178
0.8477131,3179
0.17737874,3180
0.17146066,3181
0.00853548,3182
0.7712364,3183
0.009310514,3184
0.08617056,3185
0.083424605,3186
0.29309648,3187
0.6109538,3188
0.008015231,3189
0.008792668,3190
0.0124539165,3191
0.14761062,3192
0.007950068,3193
0.0012025922,3194
0.010235966,3195
0.040421117,3196
0.060268115,3197
0.0012485493,3198
0.006621581,3199
0.005292694,3200
0.0022180448,3201
0.6275292,3202
0.8880466,3203
0.15349694,3204
0.016765513,3205
0.5346336,3206
0.0945425,3207
0.008669763,3208
0.0091291135,3209
0.009745534,3210
0.13183732,3211
0.01680969,3212
0.008514048,3213
0.008528922,3214
0.009033438,3215
0.10900753,3216
0.013433297,3217
0.011158421,3218
0.008698502,3219
0.06339129,3220
0.0011179694,3221
0.03945298,3222
0.058203954,3223
0.5711245,3224
0.20369542,3225
0.009153118,3226
0.96190643,3227
0.019008003,3228
0.1879228,3229
0.01033117,3230
0.012994149,3231
0.037525605,3232
0.114535235,3233
0.012913238,3234
0.68962795,3235
0.49513033,3236
0.16403241,3237
0.0089231795,3238
0.27039272,3239
0.024563078,3240
0.009153118,3241
0.0014174633,3242
0.009059193,3243
0.0100085,3244
0.5384456,3245
0.0355526,3246
0.0018933988,3247
0.020092217,3248
0.052080955,3249
0.23497769,3250
0.008456203,3251
0.262985,3252
0.0070955213,3253
0.088654935,3254
0.0045644455,3255
0.013218636,3256
0.010065331,3257
0.27078345,3258
0.6786829,3259
0.3336697,3260
0.009470175,3261
0.1483541,3262
0.009341582,3263
0.0012485493,3264
0.119293034,3265
0.7096659,3266
0.3627853,3267
0.009878657,3268
0.55941474,3269
0.010955757,3270
0.69220454,3271
0.07271984,3272
0.007888405,3273
0.010588947,3274
0.71231306,3275
0.27638635,3276
0.009576521,3277
0.008943921,3278
0.3437816,3279
0.7020272,3280
0.13840827,3281
0.011790103,3282
0.41821337,3283
0.109190114,3284
0.009190515,3285
0.67185867,3286
0.03665224,3287
0.82903016,3288
0.22458054,3289
0.004200319,3290
0.65634423,3291
0.4490277,3292
0.93342966,3293
0.0023992576,3294
0.18732537,3295
0.30462676,3296
0.11122746,3297
0.17737874,3298
0.24913847,3299
0.011067666,3300
0.042413626,3301
0.9659539,3302
0.003127797,3303
0.010236754,3304
0.042413626,3305
0.059823293,3306
0.10168823,3307
0.008800267,3308
0.8962081,3309
0.14428437,3310
0.009430466,3311
0.9632834,3312
0.10608,3313
0.0142506985,3314
0.71503955,3315
0.7774704,3316
0.10724264,3317
0.13714729,3318
0.0044030803,3319
0.10724264,3320
0.054366592,3321
0.01794208,3322
0.97084653,3323
0.010042015,3324
0.0096043395,3325
0.0026899073,3326
0.0010428762,3327
0.39625835,3328
0.007888405,3329
0.011957007,3330
0.6047805,3331
0.009904005,3332
0.19142973,3333
0.088133544,3334
0.010226671,3335
0.17564876,3336
0.17886017,3337
0.0010933861,3338
0.7836021,3339
0.5808165,3340
0.008299585,3341
0.28428495,3342
0.8935382,3343
0.57519686,3344
0.010911448,3345
0.17854281,3346
0.7026546,3347
0.0011721122,3348
0.13977315,3349
0.13453375,3350
0.10823018,3351
0.0016429557,3352
0.0012510754,3353
0.38502905,3354
0.008452246,3355
0.23215106,3356
0.97522926,3357
0.0346167,3358
0.015448823,3359
0.83489406,3360
0.0091291135,3361
0.009576521,3362
0.12249837,3363
0.1840454,3364
0.064948656,3365
0.5662324,3366
0.012222125,3367
0.3033032,3368
0.048069686,3369
0.08834037,3370
0.0114096925,3371
0.1198016,3372
0.011067666,3373
0.0018771528,3374
0.006470978,3375
0.016099377,3376
0.7909301,3377
0.6708925,3378
0.0014277087,3379
0.12980165,3380
0.017239917,3381
0.009869371,3382
0.84026647,3383
0.22994483,3384
0.60470337,3385
0.010454454,3386
0.062620774,3387
0.4935126,3388
0.26915944,3389
0.10876472,3390
0.0026619518,3391
0.026243351,3392
0.04125805,3393
0.012817822,3394
0.01044072,3395
0.5344978,3396
0.040697355,3397
0.0076643336,3398
0.015259338,3399
0.017309923,3400
0.012222125,3401
0.0021506,3402
0.20499821,3403
0.0091291135,3404
0.49536785,3405
0.7214856,3406
0.1131791,3407
0.01709969,3408
0.0091291135,3409
0.26731884,3410
0.4735291,3411
0.010364727,3412
0.1702359,3413
0.17291869,3414
0.103438646,3415
0.009439045,3416
0.2050208,3417
0.02972918,3418
0.9887483,3419
0.002439704,3420
0.01936872,3421
0.10924794,3422
0.0036268304,3423
0.14805108,3424
0.008838127,3425
0.0074130036,3426
0.0010933861,3427
0.011340513,3428
0.012151227,3429
0.73377496,3430
0.64289474,3431
0.0091291135,3432
0.93524665,3433
0.008272153,3434
0.3601837,3435
0.9261052,3436
0.718234,3437
0.00993906,3438
0.12923357,3439
0.19161539,3440
0.9066907,3441
0.09132772,3442
0.011323952,3443
0.9284721,3444
0.24059968,3445
0.009469205,3446
0.041806657,3447
0.5288253,3448
0.0035747478,3449
0.018621545,3450
0.009310514,3451
0.2952507,3452
0.073901005,3453
0.01336015,3454
0.3507806,3455
0.1702359,3456
0.0070255864,3457
0.0070581688,3458
0.00849803,3459
0.013463322,3460
0.006810869,3461
0.39003363,3462
0.007888405,3463
0.1360146,3464
0.04680903,3465
0.039195824,3466
0.007477679,3467
0.11191148,3468
0.86415356,3469
0.8307163,3470
0.009261216,3471
0.89632225,3472
0.1833781,3473
0.20950316,3474
0.013249833,3475
0.23319508,3476
0.0096043395,3477
0.0077600586,3478
0.008299585,3479
0.083424605,3480
0.6161281,3481
0.0068684896,3482
0.8548742,3483
0.007136286,3484
0.0014174633,3485
0.011054318,3486
0.7654545,3487
0.00913771,3488
0.75544286,3489
0.00993906,3490
0.12192251,3491
0.008045352,3492
0.9637554,3493
0.00924675,3494
0.014333661,3495
0.7192557,3496
0.043588243,3497
0.84008086,3498
0.15362045,3499
0.089978784,3500
0.07545381,3501
0.41617954,3502
0.3584459,3503
0.026225826,3504
0.077769764,3505
0.010001189,3506
0.011251015,3507
0.08500326,3508
0.010089277,3509
0.6908652,3510
0.039000764,3511
0.064366944,3512
0.06816677,3513
0.008432862,3514
0.270591,3515
0.0019939581,3516
0.35573667,3517
0.17754085,3518
0.09973679,3519
0.17565781,3520
0.012934237,3521
0.074803464,3522
0.001606847,3523
0.011498985,3524
0.43486416,3525
0.00956832,3526
0.010989503,3527
0.006720445,3528
0.8271515,3529
0.6919063,3530
0.052739065,3531
0.120631106,3532
0.1620823,3533
0.043400142,3534
0.47124767,3535
0.007888405,3536
0.00913771,3537
0.11356092,3538
0.009576521,3539
0.00913771,3540
0.010259776,3541
0.061474904,3542
0.04032699,3543
0.02168203,3544
0.06053491,3545
0.009031548,3546
0.23590441,3547
0.5455979,3548
0.02489969,3549
0.687229,3550
0.0021915126,3551
0.17367272,3552
0.011842407,3553
0.16857006,3554
0.0018970988,3555
0.0019220859,3556
0.09771472,3557
0.0135528715,3558
0.48484477,3559
0.008883783,3560
0.57098025,3561
0.0011646954,3562
0.009666158,3563
0.6029522,3564
0.2358359,3565
0.20951444,3566
0.011747435,3567
0.96698517,3568
0.7323288,3569
0.105515815,3570
0.07689141,3571
0.0025391649,3572
0.0012019565,3573
0.28491026,3574
0.017063158,3575
0.007950068,3576
0.0033544397,3577
0.21022272,3578
0.25542122,3579
0.15863106,3580
0.07344063,3581
0.43660632,3582
0.0868803,3583
0.0116705755,3584
0.17471601,3585
0.98215693,3586
0.00237207,3587
0.007950068,3588
0.0012210982,3589
0.1609519,3590
0.3813016,3591
0.010103407,3592
0.10093047,3593
0.011054318,3594
0.009790438,3595
0.07394468,3596
0.72128135,3597
0.009698474,3598
0.00849803,3599
0.15825702,3600
0.017309923,3601
0.4884297,3602
0.008045352,3603
0.9256066,3604
0.0069409944,3605
0.008045352,3606
0.010130086,3607
0.20851365,3608
0.06687895,3609
0.015173679,3610
0.24116905,3611
0.022333087,3612
0.5711458,3613
0.0075557074,3614
0.008943548,3615
0.13123752,3616
0.008998286,3617
0.18714161,3618
0.05297127,3619
0.0052785613,3620
0.11986819,3621
0.0059746066,3622
0.220158,3623
0.001311656,3624
0.043113425,3625
0.007169971,3626
0.011474825,3627
0.09076777,3628
0.91114414,3629
0.001582504,3630
0.010328796,3631
0.18559301,3632
0.001311656,3633
0.008045352,3634
0.20182148,3635
0.5926815,3636
0.82098883,3637
0.13226439,3638
0.07965707,3639
0.004200319,3640
0.120631106,3641
0.0011179694,3642
0.12728384,3643
0.0010933861,3644
0.01690666,3645
0.008822914,3646
0.8775649,3647
0.28706077,3648
0.0010933861,3649
0.0053780135,3650
0.8864787,3651
0.009452917,3652
0.89756113,3653
0.07736409,3654
0.008137719,3655
0.8303235,3656
0.520705,3657
0.16744906,3658
0.11529873,3659
0.8917982,3660
0.9542647,3661
0.001311656,3662
0.03840731,3663
0.0075263577,3664
0.01856836,3665
0.008710623,3666
0.83326715,3667
0.75529575,3668
0.0021008234,3669
0.35015538,3670
0.12373953,3671
0.58505636,3672
0.47065228,3673
0.008665849,3674
0.26910102,3675
0.048413217,3676
0.0023992576,3677
0.55201685,3678
0.0010933861,3679
0.83390313,3680
0.2158831,3681
0.00993906,3682
0.11609572,3683
0.8538345,3684
0.112723805,3685
0.00923221,3686
0.21553871,3687
0.57583374,3688
0.7531913,3689
0.009310514,3690
0.010213233,3691
0.022322875,3692
0.017309923,3693
0.011054933,3694
0.09687758,3695
0.019165168,3696
0.008137719,3697
0.001582504,3698
0.008420153,3699
0.9625815,3700
0.03645014,3701
0.0010933861,3702
0.38948008,3703
0.011715916,3704
0.71430355,3705
0.03295892,3706
0.0014853948,3707
0.18446772,3708
0.026225826,3709
0.02021356,3710
0.2621242,3711
0.0011646954,3712
0.103321806,3713
0.19815306,3714
0.011158421,3715
0.63283676,3716
0.1299657,3717
0.041018333,3718
0.8721411,3719
0.011082467,3720
0.0018644416,3721
0.8136781,3722
0.17854281,3723
0.37791565,3724
0.9850573,3725
0.71014184,3726
0.010163938,3727
0.13210812,3728
0.075055204,3729
0.8466011,3730
0.010984513,3731
0.06260551,3732
0.17514762,3733
0.02004363,3734
0.008991835,3735
0.0010428762,3736
0.0010933861,3737
0.15567948,3738
0.6728319,3739
0.015787814,3740
0.009188358,3741
0.021078154,3742
0.007888405,3743
0.00924675,3744
0.18955778,3745
0.010783083,3746
0.008883783,3747
0.1222609,3748
0.00924675,3749
0.009357216,3750
0.02242014,3751
0.3053102,3752
0.14200434,3753
0.008454572,3754
0.3612867,3755
0.009310514,3756
0.0010428762,3757
0.79045856,3758
0.007746614,3759
0.045772698,3760
0.009080767,3761
0.11381259,3762
0.91522676,3763
0.0010428762,3764
0.026225826,3765
0.74341553,3766
0.10050101,3767
0.21088886,3768
0.008698502,3769
0.1887761,3770
0.7455632,3771
0.23145768,3772
0.28664017,3773
0.63471854,3774
0.07500095,3775
0.1195581,3776
0.01033117,3777
0.3747307,3778
0.55672306,3779
0.043544203,3780
0.0018362034,3781
0.008998286,3782
0.009555017,3783
0.008132671,3784
0.008991835,3785
0.00731273,3786
0.14998741,3787
0.031582784,3788
0.0010428762,3789
0.5800543,3790
0.19114323,3791
0.2022402,3792
0.9063504,3793
0.20326152,3794
0.033526804,3795
0.0091291135,3796
0.14761424,3797
0.77690685,3798
0.23464459,3799
0.102992006,3800
0.008528922,3801
0.007028199,3802
0.69488627,3803
0.103656135,3804
0.0010933861,3805
0.009310514,3806
0.09239702,3807
0.00867766,3808
0.007477679,3809
0.002377556,3810
0.008210307,3811
0.013023788,3812
0.12160066,3813
0.65088737,3814
0.7251276,3815
0.38143346,3816
0.1609519,3817
0.008669763,3818
0.89427435,3819
0.016646726,3820
0.0010428762,3821
0.010199701,3822
0.012913238,3823
0.029663432,3824
0.7787603,3825
0.5664688,3826
0.0056114276,3827
0.1299657,3828
0.6083547,3829
0.052739065,3830
0.0014853948,3831
0.6749036,3832
0.008608049,3833
0.13948074,3834
0.00923221,3835
0.20658289,3836
0.028669395,3837
0.12855668,3838
0.7694225,3839
0.008863179,3840
0.021680897,3841
0.0054015177,3842
0.665452,3843
0.008580207,3844
0.010893774,3845
0.29144073,3846
0.0011646954,3847
0.009576521,3848
0.14102015,3849
0.08513061,3850
0.009576521,3851
0.009170532,3852
0.9705923,3853
0.0010933861,3854
0.0100073945,3855
0.11190551,3856
0.24728811,3857
0.27563414,3858
0.013391431,3859
0.8074332,3860
0.10604299,3861
0.13931385,3862
0.6318611,3863
0.016808864,3864
0.30106634,3865
0.8292129,3866
0.09809799,3867
0.8773049,3868
0.2190295,3869
0.010989006,3870
0.011158421,3871
0.0019586065,3872
0.034159083,3873
0.6290454,3874
0.8376252,3875
0.0076210764,3876
0.008328186,3877
0.15125407,3878
0.22111122,3879
0.006659616,3880
0.11386765,3881
0.800162,3882
0.0072750896,3883
0.0018601348,3884
0.012272813,3885
0.10910744,3886
0.008452246,3887
0.0059289103,3888
0.007888405,3889
0.008045352,3890
0.0044030803,3891
0.7168329,3892
0.0011179694,3893
0.008710623,3894
0.0022398653,3895
0.21313693,3896
0.006621581,3897
0.16749877,3898
0.0058892732,3899
0.0015326535,3900
0.010301734,3901
0.011764997,3902
0.63566905,3903
0.09876786,3904
0.1683668,3905
0.0313343,3906
0.012982376,3907
0.16492371,3908
0.0011646954,3909
0.0018601348,3910
0.01525766,3911
0.0012019565,3912
0.104129784,3913
0.013074949,3914
0.10054591,3915
0.041806657,3916
0.0069053057,3917
0.0010428762,3918
0.11638775,3919
0.18912177,3920
0.034538213,3921
0.142597,3922
0.0091291135,3923
0.39173535,3924
0.6520995,3925
0.28891146,3926
0.0016656986,3927
0.0068684896,3928
0.6877386,3929
0.0105491,3930
0.009970565,3931
0.009929047,3932
0.008892028,3933
0.12882192,3934
0.6902488,3935
0.76011866,3936
0.013695081,3937
0.06842185,3938
0.0012019565,3939
0.13351834,3940
0.031733904,3941
0.11772326,3942
0.6348658,3943
0.11986819,3944
0.15347849,3945
0.7945006,3946
0.009904005,3947
0.0135528715,3948
0.06531142,3949
0.32842138,3950
0.4363921,3951
0.077178404,3952
0.0093688965,3953
0.017593523,3954
0.06282204,3955
0.010647638,3956
0.9573668,3957
0.0048291166,3958
0.21435568,3959
0.13123752,3960
0.7795952,3961
0.17258386,3962
0.00956832,3963
0.15214054,3964
0.055797413,3965
0.001606847,3966
0.6063746,3967
0.026574217,3968
0.032195855,3969
0.010841149,3970
0.2963431,3971
0.008998286,3972
0.0076836874,3973
0.4963724,3974
0.18440616,3975
0.8481928,3976
0.2118391,3977
0.0014264651,3978
0.96373457,3979
0.016333118,3980
0.013695081,3981
0.17007749,3982
0.221507,3983
0.090745084,3984
0.7345304,3985
0.0014174633,3986
0.102793075,3987
0.24118763,3988
0.01173069,3989
0.17962024,3990
0.08976394,3991
0.05048567,3992
0.010197189,3993
0.006597408,3994
0.008669763,3995
0.010250997,3996
0.017371643,3997
0.110077135,3998
0.005292694,3999
0.0012210982,4000
0.009430466,4001
0.015113882,4002
0.0873839,4003
0.39725938,4004
0.0975037,4005
0.9239503,4006
0.7688302,4007
0.013353156,4008
0.9295697,4009
0.15461141,4010
0.32623369,4011
0.1617971,4012
0.51394767,4013
0.3539344,4014
0.034910493,4015
0.041806657,4016
0.011498985,4017
0.16271137,4018
0.009517562,4019
0.03654132,4020
0.07720754,4021
0.10002557,4022
0.16286947,4023
0.11113679,4024
0.14129794,4025
0.38816273,4026
0.017802004,4027
0.44504797,4028
0.18428263,4029
0.59077394,4030
0.09592552,4031
0.009974982,4032
0.35005778,4033
0.84874445,4034
0.03936829,4035
0.1826101,4036
0.0010428762,4037
0.0091291135,4038
0.009518088,4039
0.1707359,4040
0.08363237,4041
0.31439137,4042
0.053354792,4043
0.8917833,4044
0.12715098,4045
0.7968826,4046
0.848881,4047
0.072414026,4048
0.010037489,4049
0.02503855,4050
0.008015231,4051
0.011673623,4052
0.048986603,4053
0.04125805,4054
0.008137634,4055
0.012900432,4056
0.40845993,4057
0.19614251,4058
0.6556162,4059
0.007218544,4060
0.008272153,4061
0.0016748641,4062
0.18595609,4063
0.016522666,4064
0.30713412,4065
0.5802193,4066
0.0014628891,4067
0.12231076,4068
0.10844982,4069
0.012907228,4070
0.973668,4071
0.017309923,4072
0.3215516,4073
0.007477679,4074
0.8192782,4075
0.14816691,4076
0.8149029,4077
0.1913345,4078
0.0650431,4079
0.009033438,4080
0.0010933861,4081
0.0096043395,4082
0.06210687,4083
0.0105491,4084
0.05457056,4085
0.010561256,4086
0.0020287104,4087
0.007930499,4088
0.19419892,4089
0.0010428762,4090
0.007641855,4091
0.001606847,4092
0.14184327,4093
0.8463637,4094
0.03958574,4095
0.0011179694,4096
0.16744906,4097
0.14112794,4098
0.009310514,4099
0.01391784,4100
0.91191435,4101
0.00923221,4102
0.009736385,4103
0.06339129,4104
0.018509863,4105
0.55280393,4106
0.013139679,4107
0.2401819,4108
0.0020287104,4109
0.8923998,4110
0.79650927,4111
0.23261064,4112
0.20367716,4113
0.14956006,4114
0.010654949,4115
0.011994692,4116
0.00814505,4117
0.21659665,4118
0.009518088,4119
0.0114096925,4120
0.008976881,4121
0.008454572,4122
0.29857513,4123
0.14272337,4124
0.0075263577,4125
0.7685723,4126
0.002090613,4127
0.005292694,4128
0.1617971,4129
0.2660253,4130
0.6881973,4131
0.011994692,4132
0.013917815,4133
0.71492827,4134
0.0014168014,4135
0.9587691,4136
0.19480233,4137
0.009430466,4138
0.011054933,4139
0.018013222,4140
0.006836395,4141
0.4154475,4142
0.13461892,4143
0.14163306,4144
0.008452246,4145
0.12153773,4146
0.6439243,4147
0.001311656,4148
0.0121496245,4149
0.105261795,4150
0.18664014,4151
0.09781302,4152
0.009858124,4153
0.06574608,4154
0.03532507,4155
0.040787954,4156
0.8988295,4157
0.07720683,4158
0.017309923,4159
0.5237128,4160
0.9425689,4161
0.10378268,4162
0.3537642,4163
0.010065331,4164
0.00719912,4165
0.0014264651,4166
0.00923221,4167
0.6489494,4168
0.01033117,4169
0.6705775,4170
0.09323686,4171
0.03995058,4172
0.020698387,4173
0.008432862,4174
0.009332681,4175
0.018534608,4176
0.22278018,4177
0.6672184,4178
0.0012210982,4179
0.008669763,4180
0.024106955,4181
0.09604016,4182
0.13778508,4183
0.017690087,4184
0.07467994,4185
0.011978055,4186
0.2949788,4187
0.13849963,4188
0.0048387027,4189
0.30685693,4190
0.039425325,4191
0.02004363,4192
0.3090734,4193
0.008669763,4194
0.12399836,4195
0.007850966,4196
0.07375221,4197
0.06339129,4198
0.13334943,4199
0.0015326535,4200
0.0012210982,4201
0.13558388,4202
0.8442905,4203
0.19262742,4204
0.006193859,4205
0.7995135,4206
0.78844416,4207
0.10050101,4208
0.77940065,4209
0.757832,4210
0.008998286,4211
0.17527355,4212
0.012686685,4213
0.23566344,4214
0.1639252,4215
0.07099483,4216
0.19144073,4217
0.0017101226,4218
0.008669763,4219
0.18603657,4220
0.6546815,4221
0.009709999,4222
0.376041,4223
0.010706417,4224
0.4974943,4225
0.008822914,4226
0.012184114,4227
0.009459982,4228
0.34886122,4229
0.0935382,4230
0.014626208,4231
0.12906818,4232
0.25512606,4233
0.14692087,4234
0.12268829,4235
0.011254458,4236
0.049253084,4237
0.009866086,4238
0.24847429,4239
0.11057876,4240
0.977707,4241
0.016604379,4242
0.008998286,4243
0.039090388,4244
0.0140372235,4245
0.1988664,4246
0.019295206,4247
0.77151453,4248
0.39411935,4249
0.010986492,4250
0.6720643,4251
0.0018644416,4252
0.85259783,4253
0.124674395,4254
0.051976558,4255
0.010273168,4256
0.0018059983,4257
0.009258627,4258
0.009373125,4259
0.27837563,4260
0.0017829352,4261
0.007888405,4262
0.4025206,4263
0.009059193,4264
0.008045352,4265
0.007202566,4266
0.22677876,4267
0.00731273,4268
0.30106634,4269
0.7308265,4270
0.04248092,4271
0.001342333,4272
0.0075263577,4273
0.08511777,4274
0.31768334,4275
0.045490284,4276
0.01188828,4277
0.21695228,4278
0.04410037,4279
0.008567646,4280
0.37634113,4281
0.008883783,4282
0.15912193,4283
0.011251015,4284
0.013445114,4285
0.009366194,4286
0.0011464369,4287
0.0524809,4288
0.11569805,4289
0.7202608,4290
0.014342739,4291
0.41748616,4292
0.80433476,4293
0.27039272,4294
0.1455637,4295
0.0070581688,4296
0.13173969,4297
0.00440711,4298
0.009401796,4299
0.7082027,4300
0.009059193,4301
0.18045513,4302
0.011224708,4303
0.040210873,4304
0.019014176,4305
0.43065003,4306
0.0063633295,4307
0.031125773,4308
0.014533229,4309
0.007888405,4310
0.0011464369,4311
0.07596558,4312
0.09054593,4313
0.3821503,4314
0.63536334,4315
0.6476643,4316
0.072749384,4317
0.0091291135,4318
0.114747204,4319
0.008045352,4320
0.00811917,4321
0.0048387027,4322
0.15349694,4323
0.014810553,4324
0.095282674,4325
0.8813735,4326
0.16187772,4327
0.016522666,4328
0.8175852,4329
0.006674101,4330
0.083249226,4331
0.0067724474,4332
0.06222239,4333
0.17416638,4334
0.009346354,4335
0.007888405,4336
0.70241696,4337
0.1831014,4338
0.09223193,4339
0.71306247,4340
0.48158568,4341
0.71220154,4342
0.006621581,4343
0.017309923,4344
0.023992963,4345
0.13011347,4346
0.634963,4347
0.009526354,4348
0.41378203,4349
0.008108232,4350
0.009035266,4351
0.052770957,4352
0.17812683,4353
0.5377359,4354
0.2923672,4355
0.04714614,4356
0.20484935,4357
0.51837116,4358
0.7546474,4359
0.010223963,4360
0.016218027,4361
0.016871706,4362
0.0094756335,4363
0.19421493,4364
0.009346354,4365
0.0114096925,4366
0.2845439,4367
0.039615177,4368
0.8630314,4369
0.0022624324,4370
0.2633931,4371
0.1617971,4372
0.009310514,4373
0.20484935,4374
0.009868811,4375
0.010065331,4376
0.007770475,4377
0.8493592,4378
0.17243001,4379
0.037261352,4380
0.14229004,4381
0.008163164,4382
0.009968961,4383
0.0011721122,4384
0.8507388,4385
0.0070955213,4386
0.10823018,4387
0.0031987592,4388
0.010065331,4389
0.10498164,4390
0.0023682443,4391
0.20177177,4392
0.790728,4393
0.5122449,4394
0.0010428762,4395
0.49128276,4396
0.12245484,4397
0.04232344,4398
0.0091291135,4399
0.009464671,4400
0.0012703267,4401
0.0026619518,4402
0.59422964,4403
0.03561188,4404
0.00875016,4405
0.09876786,4406
0.0112206545,4407
0.15825702,4408
0.19194117,4409
0.4757414,4410
0.120629594,4411
0.5075018,4412
0.0012210982,4413
0.20559487,4414
0.53181136,4415
0.21418442,4416
0.008822914,4417
0.0087640425,4418
0.11794425,4419
0.16180247,4420
0.012243651,4421
0.008698502,4422
0.15443633,4423
0.041930784,4424
0.08793701,4425
0.10153412,4426
0.020698387,4427
0.01709718,4428
0.20361945,4429
0.04002873,4430
0.0010428762,4431
0.22908463,4432
0.005460422,4433
0.072046764,4434
0.0075263577,4435
0.011316719,4436
0.008130602,4437
0.84937644,4438
0.5425965,4439
0.008432862,4440
0.13123752,4441
0.00924675,4442
0.0017742672,4443
0.14707787,4444
0.60698664,4445
0.0012485493,4446
0.33005008,4447
0.64673,4448
0.6032943,4449
0.05670031,4450
0.0012210982,4451
0.57880294,4452
0.17301793,4453
0.11135667,4454
0.01526854,4455
0.12079241,4456
0.13023315,4457
0.7304063,4458
0.08942033,4459
0.9485208,4460
0.22924319,4461
0.67055887,4462
0.014515668,4463
0.24399577,4464
0.13977315,4465
0.0012703267,4466
0.01854367,4467
0.0010933861,4468
0.04012566,4469
0.1973429,4470
0.010795189,4471
0.2582132,4472
0.001311656,4473
0.58876723,4474
0.002127046,4475
0.0063173063,4476
0.16257076,4477
0.008710623,4478
0.9654524,4479
0.119167276,4480
0.5670123,4481
0.0091291135,4482
0.008398105,4483
0.9327799,4484
0.048986603,4485
0.21266939,4486
0.0089231795,4487
0.009582081,4488
0.1345139,4489
0.007950068,4490
0.087185815,4491
0.44057056,4492
0.007182728,4493
0.16219252,4494
0.64279395,4495
0.013270215,4496
0.0054015177,4497
0.008998286,4498
0.1672225,4499
0.008863179,4500
0.054220427,4501
0.24911717,4502
0.1392038,4503
0.09865075,4504
0.012076242,4505
0.69544506,4506
0.0114096925,4507
0.8501695,4508
0.6290585,4509
0.008698502,4510
0.11729482,4511
0.15258303,4512
0.10169745,4513
0.107146844,4514
0.8220481,4515
0.16895774,4516
0.4516083,4517
0.1410167,4518
0.006373395,4519
0.008710623,4520
0.0099570425,4521
0.16652396,4522
0.939591,4523
0.0012510754,4524
0.016522666,4525
0.6022631,4526
0.008328186,4527
0.82863575,4528
0.76067513,4529
0.038764596,4530
0.7030738,4531
0.6976593,4532
0.01941746,4533
0.007888405,4534
0.8362236,4535
0.0018933988,4536
0.050791793,4537
0.13558388,4538
0.0010428762,4539
0.0014277087,4540
0.020698387,4541
0.008669763,4542
0.2094945,4543
0.007772748,4544
0.103440434,4545
0.28758043,4546
0.008032587,4547
0.010852067,4548
0.010955757,4549
0.090745084,4550
0.0012066213,4551
0.008883783,4552
0.11648547,4553
0.8053656,4554
0.007888405,4555
0.010554612,4556
0.007888405,4557
0.2690545,4558
0.023379926,4559
0.07073031,4560
0.0068684896,4561
0.0093688965,4562
0.06339129,4563
0.16966751,4564
0.89454365,4565
0.0091291135,4566
0.08706642,4567
0.7216573,4568
0.008514048,4569
0.010289559,4570
0.017650845,4571
0.46835703,4572
0.01033117,4573
0.0100276,4574
0.012944595,4575
0.66984046,4576
0.32566363,4577
0.13351834,4578
0.0135528715,4579
0.009153118,4580
0.7105731,4581
0.0011721122,4582
0.020921139,4583
0.041407757,4584
0.004200319,4585
0.9254663,4586
0.09040988,4587
0.012582621,4588
0.14434361,4589
0.014801135,4590
0.8161849,4591
0.15622407,4592
0.01197119,4593
0.008137634,4594
0.21426298,4595
0.0070448904,4596
0.018534608,4597
0.011187854,4598
0.63089424,4599
0.031125773,4600
0.90263754,4601
0.5417433,4602
0.033096436,4603
0.20124745,4604
0.16604502,4605
0.016395964,4606
0.18809582,4607
0.0011721122,4608
0.23096795,4609
0.0072750896,4610
0.001311656,4611
0.041290313,4612
0.0010933861,4613
0.12460488,4614
0.011421666,4615
0.27727804,4616
0.09864676,4617
0.008870207,4618
0.07862359,4619
0.72687733,4620
0.009745534,4621
0.91465753,4622
0.010676005,4623
0.01690666,4624
0.008279691,4625
0.2863258,4626
0.27932653,4627
0.116252124,4628
0.106544934,4629
0.008710623,4630
0.0026216665,4631
0.3241014,4632
0.28727338,4633
0.0010428762,4634
0.001342333,4635
0.0056114276,4636
0.0100276,4637
0.009666158,4638
0.010887805,4639
0.28695023,4640
0.8458534,4641
0.045906723,4642
0.008710623,4643
0.0018601348,4644
0.5193435,4645
0.00837488,4646
0.009858124,4647
0.6488047,4648
0.00924675,4649
0.11695328,4650
0.099175714,4651
0.0072976258,4652
0.007950068,4653
0.03798033,4654
0.011392816,4655
0.0011646954,4656
0.037261352,4657
0.14773217,4658
0.008064532,4659
0.22689162,4660
0.76399904,4661
0.13438635,4662
0.048402466,4663
0.0105079785,4664
0.0014168014,4665
0.11113679,4666
0.01078618,4667
0.10621516,4668
0.010657532,4669
0.19305982,4670
0.0011179694,4671
0.0018601348,4672
0.1448467,4673
0.7062914,4674
0.6901389,4675
0.09132914,4676
0.045076113,4677
0.0046159737,4678
0.47837365,4679
0.008452246,4680
0.050672643,4681
0.008998286,4682
0.21370342,4683
0.008332326,4684
0.11157863,4685
0.5884408,4686
0.110099286,4687
0.13947053,4688
0.18489197,4689
0.027017048,4690
0.0017276561,4691
0.07814698,4692
0.31319922,4693
0.0011721122,4694
0.24444582,4695
0.76492745,4696
0.0017829352,4697
0.006321684,4698
0.009924792,4699
0.07228884,4700
0.06681375,4701
0.15156291,4702
0.041018333,4703
0.9316714,4704
0.101896,4705
0.9405949,4706
0.15722866,4707
0.013103167,4708
0.001311656,4709
0.5130702,4710
0.008362141,4711
0.13963497,4712
0.051666755,4713
0.3512399,4714
0.10333004,4715
0.0014277087,4716
0.042925306,4717
0.010226671,4718
0.13435543,4719
0.001311656,4720
0.08478236,4721
0.07178205,4722
0.09687758,4723
0.046267718,4724
0.0051128804,4725
0.12377817,4726
0.7301268,4727
0.14431448,4728
0.06397606,4729
0.40703735,4730
0.0011721122,4731
0.026148295,4732
0.0011721122,4733
0.1038098,4734
0.007819572,4735
0.31443238,4736
0.88245225,4737
0.21478839,4738
0.3312784,4739
0.13580716,4740
0.8986607,4741
0.031220784,4742
0.10168823,4743
0.10463909,4744
0.19571505,4745
0.8273154,4746
0.09523309,4747
0.5528048,4748
0.08604647,4749
0.0010428762,4750
0.5067603,4751
0.0346167,4752
0.009906713,4753
0.19648977,4754
0.008279691,4755
0.01033117,4756
0.5817223,4757
0.027017048,4758
0.024933739,4759
0.0114096925,4760
0.09891526,4761
0.16979688,4762
0.5971543,4763
0.024701428,4764
0.011498985,4765
0.01513706,4766
0.63753134,4767
0.27403387,4768
0.1359785,4769
0.0073320805,4770
0.12758426,4771
0.76674384,4772
0.0021590414,4773
0.017625695,4774
0.094853334,4775
0.016522666,4776
0.0048291166,4777
0.061714225,4778
0.007384571,4779
0.61072505,4780
0.11122746,4781
0.009059193,4782
0.51704323,4783
0.9309214,4784
0.008710623,4785
0.101118006,4786
0.32846045,4787
0.5343043,4788
0.0135689005,4789
0.01040546,4790
0.009700805,4791
0.06339129,4792
0.006128303,4793
0.25587687,4794
0.008360276,4795
0.008710623,4796
0.15987805,4797
0.00913771,4798
0.0012703267,4799
0.0077398513,4800
0.048986603,4801
0.011503631,4802
0.13027555,4803
0.0096043395,4804
0.09876786,4805
0.50674415,4806
0.957291,4807
0.01624364,4808
0.0010933861,4809
0.30474922,4810
0.0363426,4811
0.1237942,4812
0.0097059,4813
0.07496637,4814
0.14604668,4815
0.027884219,4816
0.009576521,4817
0.95919156,4818
0.10823018,4819
0.8150257,4820
0.86296505,4821
0.21747844,4822
0.008733536,4823
0.126495,4824
0.03680565,4825
0.009977912,4826
0.41632858,4827
0.041806657,4828
0.041841656,4829
0.008332326,4830
0.01033117,4831
0.040376265,4832
0.19850208,4833
0.0014640515,4834
0.009033438,4835
0.011096669,4836
0.950758,4837
0.13977315,4838
0.41282907,4839
0.042158782,4840
0.009284741,4841
0.17737874,4842
0.18559301,4843
0.74477196,4844
0.0024102186,4845
0.017692655,4846
0.19648977,4847
0.008272153,4848
0.0012019565,4849
0.0021714754,4850
0.57601494,4851
0.044034243,4852
0.44699126,4853
0.025799902,4854
0.009858124,4855
0.08456056,4856
0.010728819,4857
0.15411337,4858
0.40709758,4859
0.6033545,4860
0.009424722,4861
0.03583816,4862
0.07937772,4863
0.008998286,4864
0.052364986,4865
0.23428918,4866
0.008719133,4867
0.009080767,4868
0.010042015,4869
0.66855884,4870
0.20124745,4871
0.007950068,4872
0.009439045,4873
0.0010428762,4874
0.041599143,4875
0.52642125,4876
0.0063884933,4877
0.1392038,4878
0.009373125,4879
0.101803415,4880
0.0088050645,4881
0.0091291135,4882
0.0011721122,4883
0.061468635,4884
0.080221415,4885
0.042516816,4886
0.31437802,4887
0.5826358,4888
0.009261216,4889
0.96893007,4890
0.6822736,4891
0.04002873,4892
0.73688966,4893
0.0018362034,4894
0.17227955,4895
0.010411403,4896
0.0011179694,4897
0.17155647,4898
0.009906713,4899
0.092236415,4900
0.85916865,4901
0.03939463,4902
0.008272153,4903
0.008749044,4904
0.010069384,4905
0.13701151,4906
0.92111135,4907
0.13772312,4908
0.105602466,4909
0.0103554195,4910
0.14568193,4911
0.0014640515,4912
0.59989524,4913
0.008698502,4914
0.008432862,4915
0.009555017,4916
0.2676386,4917
0.034239862,4918
0.10876472,4919
0.054403342,4920
0.029117214,4921
0.10258957,4922
0.04895616,4923
0.0027151983,4924
0.32139477,4925
0.0011646954,4926
0.006621581,4927
0.46920902,4928
0.72204584,4929
0.13699682,4930
0.23095198,4931
0.24352363,4932
0.010852405,4933
0.0075263577,4934
0.08363237,4935
0.48975095,4936
0.010955799,4937
0.1253493,4938
0.20523043,4939
0.10175026,4940
0.008533524,4941
0.008792668,4942
0.041018333,4943
0.058203954,4944
0.010400773,4945
0.0167543,4946
0.117644474,4947
0.8427623,4948
0.097403556,4949
0.053627454,4950
0.6396904,4951
0.008108232,4952
0.017309923,4953
0.008146549,4954
0.83628196,4955
0.024519779,4956
0.008528922,4957
0.0075263577,4958
0.2536413,4959
0.07534616,4960
0.016892845,4961
0.0019939581,4962
0.13508242,4963
0.015805101,4964
0.009789967,4965
0.0026899073,4966
0.26352632,4967
0.13673727,4968
0.13065848,4969
0.014166371,4970
0.1392038,4971
0.0015808768,4972
0.00719912,4973
0.05301242,4974
0.11869491,4975
0.0050356886,4976
0.0010933861,4977
0.0020952746,4978
0.13851653,4979
0.93289536,4980
0.9309716,4981
0.11489805,4982
0.024074292,4983
0.14744525,4984
0.018972157,4985
0.010955799,4986
0.14674993,4987
0.0012703267,4988
0.0010428762,4989
0.63592607,4990
0.011966723,4991
0.0011646954,4992
0.0070448904,4993
0.0072636236,4994
0.73031723,4995
0.7292227,4996
0.108513184,4997
0.13011347,4998
0.19926704,4999
0.28680506,5000
0.06231475,5001
0.0011179694,5002
0.08990747,5003
0.8477673,5004
0.017440606,5005
0.10112979,5006
0.84528786,5007
0.009919026,5008
0.2825578,5009
0.038451493,5010
0.011067666,5011
0.21827063,5012
0.20429863,5013
0.36057454,5014
0.19642276,5015
0.010340559,5016
0.6732139,5017
0.009582479,5018
0.047495935,5019
0.1971208,5020
0.88960266,5021
0.008620314,5022
0.36589655,5023
0.13179521,5024
0.06260551,5025
0.06788375,5026
0.028397156,5027
0.001311656,5028
0.018534608,5029
0.2839911,5030
0.800789,5031
0.00913771,5032
0.007477679,5033
0.0075263577,5034
0.17703693,5035
0.0974525,5036
0.008690417,5037
0.025388863,5038
0.37532583,5039
0.008272153,5040
0.014636884,5041
0.008927613,5042
0.56690323,5043
0.47362012,5044
0.009261216,5045
0.008299585,5046
0.0012510754,5047
0.00731273,5048
0.7297768,5049
0.011096669,5050
0.32826087,5051
0.19774178,5052
0.0011646954,5053
0.010289559,5054
0.010004896,5055
0.9069639,5056
0.82132304,5057
0.008454572,5058
0.26018474,5059
0.009310514,5060
0.00719912,5061
0.09672447,5062
0.034239862,5063
0.010415949,5064
0.3223975,5065
0.044344883,5066
0.0010428762,5067
0.19194117,5068
0.23678592,5069
0.09706705,5070
0.0743003,5071
0.8249811,5072
0.08495572,5073
0.101118006,5074
0.5626801,5075
0.2673554,5076
0.123920284,5077
0.008883783,5078
0.8241405,5079
0.6997498,5080
0.044913094,5081
0.008883783,5082
0.026315512,5083
0.009858124,5084
0.09477453,5085
0.020617865,5086
0.2543091,5087
0.93295336,5088
0.0011179694,5089
0.21218729,5090
0.48131523,5091
0.21862747,5092
0.15704745,5093
0.23771104,5094
0.82662284,5095
0.21899429,5096
0.8032766,5097
0.08837971,5098
0.10541817,5099
0.31285056,5100
0.063924596,5101
0.05074599,5102
0.10158204,5103
0.9422107,5104
0.17514762,5105
0.9077036,5106
0.8848961,5107
0.02833055,5108
0.002174635,5109
0.004606827,5110
0.84296376,5111
0.009430466,5112
0.2738292,5113
0.15563904,5114
0.9613365,5115
0.10915883,5116
0.56756324,5117
0.0458278,5118
0.58172685,5119
0.002861504,5120
0.011180182,5121
0.090745084,5122
0.0115685,5123
0.08788637,5124
0.11191148,5125
0.0077696405,5126
0.6641432,5127
0.1284242,5128
0.013276998,5129
0.65560293,5130
0.058203954,5131
0.05670031,5132
0.008669763,5133
0.048069686,5134
0.00913771,5135
0.7411811,5136
0.07032579,5137
0.17854281,5138
0.09584335,5139
0.16108243,5140
0.1702359,5141
0.22177328,5142
0.102475666,5143
0.9651127,5144
0.16546482,5145
0.0020742796,5146
0.870522,5147
0.0010428762,5148
0.008883783,5149
0.0061735804,5150
0.2155286,5151
0.019760132,5152
0.04420405,5153
0.11430301,5154
0.008538895,5155
0.6986282,5156
0.0096043395,5157
0.19028358,5158
0.16674702,5159
0.20213854,5160
0.121447526,5161
0.6232873,5162
0.0010933861,5163
0.005672062,5164
0.20534223,5165
0.3600174,5166
0.847884,5167
0.08639596,5168
0.011173267,5169
0.06463029,5170
0.69633657,5171
0.029456368,5172
0.032516602,5173
0.25547987,5174
0.31990018,5175
0.09740015,5176
0.7732601,5177
0.011455452,5178
0.008045352,5179
0.798311,5180
0.008710623,5181
0.1455637,5182
0.00719912,5183
0.047438003,5184
0.22132559,5185
0.0015923013,5186
0.9726376,5187
0.7910311,5188
0.29520217,5189
0.8696836,5190
0.012937377,5191
0.006621581,5192
0.051980473,5193
0.11605815,5194
0.0010933861,5195
0.014342739,5196
0.010400773,5197
0.47299495,5198
0.007930499,5199
0.5745416,5200
0.110099286,5201
0.64995736,5202
0.0010933861,5203
0.828505,5204
0.1691201,5205
0.041806657,5206
0.03299372,5207
0.019760132,5208
0.0044030803,5209
0.19626689,5210
0.13455723,5211
0.11489805,5212
0.009332681,5213
0.0010933861,5214
0.008332326,5215
0.76301545,5216
0.3143795,5217
0.0073275464,5218
0.011640046,5219
0.63267976,5220
0.13269098,5221
0.0012803375,5222
0.17676336,5223
0.058203954,5224
0.028581806,5225
0.065725416,5226
0.015454583,5227
0.6996575,5228
0.16040887,5229
0.5454743,5230
0.0017930433,5231
0.02504341,5232
0.016913638,5233
0.009346354,5234
0.009720293,5235
0.009666158,5236
0.19312544,5237
0.8558358,5238
0.009666158,5239
0.33081204,5240
0.31606528,5241
0.13123752,5242
0.008464144,5243
0.56556463,5244
0.114277646,5245
0.00867766,5246
0.90452147,5247
0.017309923,5248
0.5197147,5249
0.12082058,5250
0.14181374,5251
0.35522637,5252
0.6513846,5253
0.011866488,5254
0.008146549,5255
0.0021160417,5256
0.0081657665,5257
0.11537586,5258
0.1808886,5259
0.009789967,5260
0.35526618,5261
0.124705076,5262
0.0024472624,5263
0.12284351,5264
0.090710685,5265
0.002174635,5266
0.00993906,5267
0.057583395,5268
0.010207301,5269
0.9217026,5270
0.06191659,5271
0.008710623,5272
0.8030716,5273
0.114722446,5274
0.019089421,5275
0.21462883,5276
0.026612869,5277
0.016922448,5278
0.0012289779,5279
0.61441624,5280
0.013765011,5281
0.21062402,5282
0.5629857,5283
0.13504529,5284
0.0044030803,5285
0.2317484,5286
0.011098668,5287
0.18775365,5288
0.18489197,5289
0.010756001,5290
0.042050775,5291
0.92157716,5292
0.16053253,5293
0.19202027,5294
0.0050491737,5295
0.0106663145,5296
0.092781894,5297
0.6607631,5298
0.034239862,5299
0.013170029,5300
0.011316719,5301
0.40804115,5302
0.008669763,5303
0.0015326535,5304
0.0022545026,5305
0.67657346,5306
0.12594086,5307
0.008939514,5308
0.0010428762,5309
0.1177454,5310
0.35590675,5311
0.7765782,5312
0.67023665,5313
0.84008086,5314
0.0068684896,5315
0.099944204,5316
0.009373125,5317
0.35157925,5318
0.8041576,5319
0.9199877,5320
0.19581139,5321
0.0010428762,5322
0.116633214,5323
0.012494918,5324
0.09887467,5325
0.25395852,5326
0.12155768,5327
0.019295206,5328
0.10050101,5329
0.026094794,5330
0.09259681,5331
0.008698502,5332
0.8818925,5333
0.9394328,5334
0.11344007,5335
0.14941134,5336
0.86990935,5337
0.11289389,5338
0.6671017,5339
0.847736,5340
0.11869491,5341
0.12667765,5342
0.048069686,5343
0.004451483,5344
0.6730775,5345
0.13054281,5346
0.3312784,5347
0.63636845,5348
0.10168823,5349
0.90233004,5350
0.007950068,5351
0.9743681,5352
0.4931819,5353
0.24731395,5354
0.033521004,5355
0.0072750896,5356
0.43133837,5357
0.55956435,5358
0.43895394,5359
0.011635872,5360
0.011469738,5361
0.008299585,5362
0.1122829,5363
0.21719646,5364
0.12986192,5365
0.040486354,5366
0.1414511,5367
0.50610185,5368
0.0063173063,5369
0.28192636,5370
0.1840454,5371
0.0109901605,5372
0.0010428762,5373
0.15704745,5374
0.2582132,5375
0.72371966,5376
0.31386235,5377
0.010887805,5378
0.18552028,5379
0.009373125,5380
0.11584961,5381
0.15987805,5382
0.15167412,5383
0.58336693,5384
0.9192863,5385
0.009809923,5386
0.008528922,5387
0.8477329,5388
0.06339129,5389
0.10806576,5390
0.38857692,5391
0.009640688,5392
0.044034243,5393
0.9408935,5394
0.1796632,5395
0.9648872,5396
0.31727895,5397
0.009919026,5398
0.03258846,5399
0.009711154,5400
0.018056886,5401
0.16360061,5402
0.012390295,5403
0.9233426,5404
0.0010933861,5405
0.0059459456,5406
0.010498107,5407
0.11194063,5408
0.024933739,5409
0.010955799,5410
0.008108232,5411
0.4743908,5412
0.57271147,5413
0.0103554195,5414
0.00923221,5415
0.8951345,5416
0.0044030803,5417
0.0091291135,5418
0.00993906,5419
0.14194703,5420
0.011709426,5421
0.85561544,5422
0.01761456,5423
0.94966656,5424
0.010462646,5425
0.18279114,5426
0.1857318,5427
0.24710658,5428
0.0010933861,5429
0.0016656986,5430
0.016359545,5431
0.0015326535,5432
0.1471878,5433
0.0010933861,5434
0.024843855,5435
0.53905916,5436
0.008500738,5437
0.948943,5438
0.011158421,5439
0.1572961,5440
0.09299571,5441
0.0650431,5442
0.008864021,5443
0.3786211,5444
0.1510561,5445
0.8558073,5446
0.1110847,5447
0.0044030803,5448
0.13485222,5449
0.011614482,5450
0.0015326535,5451
0.013137712,5452
0.020515371,5453
0.21912421,5454
0.0096043395,5455
0.0044030803,5456
0.009430466,5457
0.9669635,5458
0.42260432,5459
0.0012703267,5460
0.14828402,5461
0.16384824,5462
0.011686597,5463
0.009974982,5464
0.71985936,5465
0.017309923,5466
0.061797746,5467
0.8837934,5468
0.78330225,5469
0.1342588,5470
0.17155647,5471
0.1679343,5472
0.048069686,5473
0.0010933861,5474
0.09366307,5475
0.00993906,5476
0.039424803,5477
0.008710623,5478
0.34305942,5479
0.008045352,5480
0.2109386,5481
0.17806959,5482
0.0011179694,5483
0.008420153,5484
0.38033485,5485
0.9334691,5486
0.82562447,5487
0.16563506,5488
0.20124745,5489
0.30260566,5490
0.034910493,5491
0.0093756085,5492
0.01087949,5493
0.13123752,5494
0.32221356,5495
0.009582081,5496
0.61527574,5497
0.12813509,5498
0.014119586,5499
0.10724264,5500
0.056634594,5501
0.13066347,5502
0.2679683,5503
0.2199865,5504
0.05689109,5505
0.011152188,5506
0.17970036,5507
0.0734674,5508
0.045174498,5509
0.17146066,5510
0.0012025922,5511
0.07359352,5512
0.010065331,5513
0.11289389,5514
0.15912193,5515
0.004200319,5516
0.6997498,5517
0.04125805,5518
0.17128065,5519
0.045002487,5520
0.29103068,5521
0.13132235,5522
0.115966365,5523
0.1617971,5524
0.0019250629,5525
0.32262504,5526
0.15836039,5527
0.10112979,5528
0.62740403,5529
0.8999684,5530
0.009513873,5531
0.009867087,5532
0.732835,5533
0.23629706,5534
0.13730496,5535
0.82628065,5536
0.6889349,5537
0.8783382,5538
0.009449585,5539
0.22039902,5540
0.008528922,5541
0.03581815,5542
0.11273918,5543
0.007888405,5544
0.0010428762,5545
0.79029363,5546
0.6182912,5547
0.010980691,5548
0.03974171,5549
0.29980516,5550
0.18403055,5551
0.9359151,5552
0.03995058,5553
0.19712889,5554
0.008620314,5555
0.109805085,5556
0.0015923013,5557
0.10915883,5558
0.13439585,5559
0.010166452,5560
0.30745393,5561
0.011422263,5562
0.008137719,5563
0.10158204,5564
0.12188263,5565
0.8491673,5566
0.008268419,5567
0.016099377,5568
0.63641596,5569
0.010415949,5570
0.0070955213,5571
0.2866193,5572
0.009349599,5573
0.15573148,5574
0.00731273,5575
0.009430466,5576
0.0013090078,5577
0.009373125,5578
0.89243513,5579
0.007359971,5580
0.029949108,5581
0.09899708,5582
0.0066961744,5583
0.005292694,5584
0.011134517,5585
0.008698502,5586
0.14890645,5587
0.37226447,5588
0.07235779,5589
0.29943588,5590
0.009424722,5591
0.12090927,5592
0.7578546,5593
0.8643053,5594
0.5660936,5595
0.0012510754,5596
0.75341916,5597
0.07022772,5598
0.008669763,5599
0.009924792,5600
0.047162455,5601
0.13079792,5602
0.18634406,5603
0.26633656,5604
0.03173026,5605
0.19278209,5606
0.010065331,5607
0.8068537,5608
0.010263704,5609
0.059937056,5610
0.008137634,5611
0.1588978,5612
0.10729152,5613
0.9445932,5614
0.028129384,5615
0.1264177,5616
0.8661777,5617
0.0148436455,5618
0.008814787,5619
0.22736712,5620
0.31092668,5621
0.45967907,5622
0.63286513,5623
0.0100276,5624
0.01213536,5625
0.11869491,5626
0.026042167,5627
0.008710623,5628
0.0015989763,5629
0.0091291135,5630
0.016519366,5631
0.10753116,5632
0.19374405,5633
0.18376859,5634
0.13597398,5635
0.0114096925,5636
0.0138541665,5637
0.015787814,5638
0.117927335,5639
0.12986192,5640
0.10523915,5641
0.69556725,5642
0.16529131,5643
0.17269808,5644
0.011560956,5645
0.19452104,5646
0.60439974,5647
0.09540338,5648
0.1596192,5649
0.017235346,5650
0.006222047,5651
0.014593875,5652
0.014858679,5653
0.01243784,5654
0.0010933861,5655
0.19437724,5656
0.10453661,5657
0.17854281,5658
0.016222745,5659
0.12052722,5660
0.28000054,5661
0.004200319,5662
0.10599347,5663
0.15956774,5664
0.010856848,5665
0.024333723,5666
0.001935076,5667
0.010561256,5668
0.8656769,5669
0.00631251,5670
0.1250194,5671
0.15295197,5672
0.009292134,5673
0.5878802,5674
0.05211899,5675
0.0072750896,5676
0.33063745,5677
0.11612891,5678
0.033589218,5679
0.009179272,5680
0.22467785,5681
0.017387873,5682
0.01749715,5683
0.00849803,5684
0.12950411,5685
0.013809625,5686
0.76657397,5687
0.6497693,5688
0.010887805,5689
0.1691201,5690
0.3881679,5691
0.010877925,5692
0.009374041,5693
0.74496657,5694
0.7354783,5695
0.11758249,5696
0.17000632,5697
0.034910493,5698
0.48609295,5699
0.011968832,5700
0.63339794,5701
0.11529873,5702
0.006654965,5703
0.046267718,5704
0.031733904,5705
0.008989243,5706
0.059758406,5707
0.973271,5708
0.017242245,5709
0.0063173063,5710
0.013103433,5711
0.019760132,5712
0.07444108,5713
0.007566534,5714
0.46812138,5715
0.12275363,5716
0.6888335,5717
0.009169137,5718
0.001311656,5719
0.014551413,5720
0.007218544,5721
0.92378634,5722
0.8193334,5723
0.92299634,5724
0.0044030803,5725
0.00109763,5726
0.012663251,5727
0.31660125,5728
0.13712646,5729
0.103656135,5730
0.0103554195,5731
0.49798104,5732
0.041198455,5733
0.019760132,5734
0.007384571,5735
0.009319702,5736
0.21012913,5737
0.001509433,5738
0.006492227,5739
0.007342455,5740
0.083991535,5741
0.7433143,5742
0.012222125,5743
0.9785969,5744
0.3491662,5745
0.9137789,5746
0.048470344,5747
0.30521262,5748
0.19146924,5749
0.10876472,5750
0.0048387027,5751
0.79651755,5752
0.08833083,5753
0.011108171,5754
0.008332326,5755
0.16773404,5756
0.001311656,5757
0.9542964,5758
0.5992469,5759
0.008943548,5760
0.86260635,5761
0.020075751,5762
0.6715388,5763
0.17057523,5764
0.1662206,5765
0.22670463,5766
0.011316719,5767
0.0346167,5768
0.010226671,5769
0.1128917,5770
0.12160066,5771
0.10207765,5772
0.010450164,5773
0.0091291135,5774
0.17340326,5775
0.1609519,5776
0.22943407,5777
0.14112794,5778
0.0057025403,5779
0.07693041,5780
0.014380254,5781
0.048402466,5782
0.009742088,5783
0.008332326,5784
0.02504341,5785
0.054810893,5786
0.91826147,5787
0.0075661587,5788
0.007888405,5789
0.20124745,5790
0.027686723,5791
0.011251184,5792
0.0075220917,5793
0.007888405,5794
0.0017742672,5795
0.19194117,5796
0.0067696166,5797
0.11217574,5798
0.18632375,5799
0.17013983,5800
0.8262953,5801
0.008064532,5802
0.111277886,5803
0.20747958,5804
0.2470348,5805
0.60387623,5806
0.0012019565,5807
0.0012210982,5808
0.009105046,5809
0.0010428762,5810
0.11997695,5811
0.006411301,5812
0.39472148,5813
0.89034075,5814
0.008943921,5815
0.08360629,5816
0.7382083,5817
0.115527004,5818
0.1076352,5819
0.009310514,5820
0.77282953,5821
0.1392038,5822
0.016185757,5823
0.1554783,5824
0.110401385,5825
0.0012485493,5826
0.011764985,5827
0.0012289779,5828
0.007888405,5829
0.03126387,5830
0.4454896,5831
0.011715916,5832
0.0011721122,5833
0.00864323,5834
0.008272153,5835
0.0010933861,5836
0.5837388,5837
0.009430466,5838
0.04794327,5839
0.01949208,5840
0.17954335,5841
0.32861677,5842
0.03620191,5843
0.6624018,5844
0.857348,5845
0.09876786,5846
0.005292694,5847
0.013831234,5848
0.6746841,5849
0.13607705,5850
0.011096669,5851
0.008130602,5852
0.39707065,5853
0.03587435,5854
0.15057404,5855
0.06783944,5856
0.008927613,5857
0.7359173,5858
0.1198016,5859
0.06339129,5860
0.030554516,5861
0.08515616,5862
0.031292412,5863
0.0099858,5864
0.19048075,5865
0.07484767,5866
0.69783777,5867
0.1382139,5868
0.08143365,5869
0.1887761,5870
0.009919026,5871
0.5493986,5872
0.03515387,5873
0.1048629,5874
0.16674702,5875
0.26183873,5876
0.009711154,5877
0.15443633,5878
0.02783326,5879
0.22815746,5880
0.66757363,5881
0.085838936,5882
0.00646074,5883
0.82124454,5884
0.010087863,5885
0.70445555,5886
0.009105046,5887
0.09477453,5888
0.055224746,5889
0.13931385,5890
0.048986603,5891
0.01033117,5892
0.008210307,5893
0.16214849,5894
0.13849963,5895
0.0010933861,5896
0.0063173063,5897
0.023033353,5898
0.91445893,5899
0.82103515,5900
0.011054933,5901
0.1613274,5902
0.008362141,5903
0.076140195,5904
0.001311656,5905
0.006783237,5906
0.10091701,5907
0.093702495,5908
0.3023149,5909
0.17704123,5910
0.0015923013,5911
0.5553625,5912
0.15951206,5913
0.46305898,5914
0.048069686,5915
0.0046892297,5916
0.020698387,5917
0.20844898,5918
0.09687758,5919
0.9001117,5920
0.14300518,5921
0.15558282,5922
0.012416643,5923
0.43735716,5924
0.5647722,5925
0.012042894,5926
0.04953853,5927
0.008776786,5928
0.0012884898,5929
0.60554695,5930
0.20454831,5931
0.012068547,5932
0.8510336,5933
0.0054111816,5934
0.0015187786,5935
0.14684999,5936
0.05259727,5937
0.0010933861,5938
0.009170532,5939
0.15562952,5940
0.010065331,5941
0.0070581688,5942
0.00849803,5943
0.22234447,5944
0.17971118,5945
0.26500416,5946
0.0114096925,5947
0.15825702,5948
0.80576324,5949
0.009518088,5950
0.02972918,5951
0.011531079,5952
0.78583896,5953
0.29508346,5954
0.0297531,5955
0.7393566,5956
0.6824597,5957
0.0010933861,5958
0.5354672,5959
0.7600124,5960
0.6848446,5961
0.110839196,5962
0.009310514,5963
0.008452246,5964
0.5801919,5965
0.12422697,5966
0.009904005,5967
0.33417624,5968
0.0112081235,5969
0.013695081,5970
0.008299585,5971
0.0010428762,5972
0.11614452,5973
0.13715345,5974
0.70536,5975
0.052560307,5976
0.186319,5977
0.008332326,5978
0.0047335536,5979
0.0077348794,5980
0.001935076,5981
0.11545267,5982
0.005965009,5983
0.98537445,5984
0.010415949,5985
0.90736526,5986
0.010486162,5987
0.0018601348,5988
0.0114096925,5989
0.09899708,5990
0.010454454,5991
0.6539572,5992
0.14211647,5993
0.010065331,5994
0.2610458,5995
0.11997001,5996
0.09477453,5997
0.95894575,5998
0.8636679,5999
0.0017742672,6000
0.008749044,6001
0.3670277,6002
0.07947255,6003
0.010257486,6004
0.816608,6005
0.01434957,6006
0.0044030803,6007
0.009543106,6008
0.11740745,6009
0.44460103,6010
0.0070976173,6011
0.24526608,6012
0.0048387027,6013
0.10207149,6014
0.31452408,6015
0.10663237,6016
0.21747844,6017
0.010415949,6018
0.022333087,6019
0.0112109985,6020
0.010955799,6021
0.19632354,6022
0.008665849,6023
0.9823142,6024
0.8274784,6025
0.118537225,6026
0.027967023,6027
0.46987912,6028
0.19286495,6029
0.006863557,6030
0.0056138868,6031
0.22938715,6032
0.002390314,6033
0.010486929,6034
0.84080106,6035
0.8180891,6036
0.90637875,6037
0.014006274,6038
0.12974168,6039
0.013458572,6040
0.8811132,6041
0.85990167,6042
0.11390045,6043
0.0063173063,6044
0.022247609,6045
0.9417337,6046
0.13869579,6047
0.09865342,6048
0.23383093,6049
0.07689428,6050
0.05501016,6051
0.009310514,6052
0.024125224,6053
0.3380177,6054
0.44659364,6055
0.87843406,6056
0.059498683,6057
0.008822914,6058
0.0089231795,6059
0.09123425,6060
0.3627018,6061
0.06783207,6062
0.11344007,6063
0.101213284,6064
0.9496105,6065
0.015954135,6066
0.61539954,6067
0.84280354,6068
0.034114636,6069
0.0096043395,6070
0.1140407,6071
0.0010428762,6072
0.010213233,6073
0.29951122,6074
0.007888405,6075
0.001959842,6076
0.6664439,6077
0.014172206,6078
0.107649446,6079
0.7065831,6080
0.13272929,6081
0.008669763,6082
0.5662724,6083
0.43260023,6084
0.06347112,6085
0.89664847,6086
0.88110954,6087
0.58080477,6088
0.00928893,6089
0.0012210982,6090
0.010301205,6091
0.70812273,6092
0.015547238,6093
0.22744367,6094
0.00731273,6095
0.091720335,6096
0.061867878,6097
0.9793236,6098
0.031125773,6099
0.008819271,6100
0.008882645,6101
0.021564083,6102
0.19333702,6103
0.0010933861,6104
0.261875,6105
0.010877925,6106
0.13836625,6107
0.6469814,6108
0.030488484,6109
0.9463068,6110
0.043081414,6111
0.011656384,6112
0.061434396,6113
0.0090661,6114
0.7225498,6115
0.3220679,6116
0.009457891,6117
0.00993906,6118
0.10153632,6119
0.6700042,6120
0.034239862,6121
0.12793641,6122
0.016820269,6123
0.04612636,6124
0.009319702,6125
0.0065734787,6126
0.008927613,6127
0.017309923,6128
0.0016600601,6129
0.0015326535,6130
0.010546736,6131
0.61033624,6132
0.008883783,6133
0.25413978,6134
0.01044657,6135
0.1527884,6136
0.094150834,6137
0.21625675,6138
0.41739234,6139
0.2835441,6140
0.001509433,6141
0.27566242,6142
0.024638023,6143
0.1554783,6144
0.18689683,6145
0.024672888,6146
0.09291833,6147
0.80390066,6148
0.82969534,6149
0.15088072,6150
0.15412846,6151
0.046827342,6152
0.13134429,6153
0.0050356886,6154
0.01465888,6155
0.16365185,6156
0.24923103,6157
0.23801999,6158
0.01033117,6159
0.009138124,6160
0.061251562,6161
0.11383096,6162
0.13496955,6163
0.010955799,6164
